ts_recv,price,bid_px_00,ask_px_00,bid_sz_00,ask_sz_00,weighted_mid,rv_60s,ret_60s
2022-11-25 08:01:00+00:00,,,,0,0,,0.0,
2022-11-25 08:02:00+00:00,,,,0,0,,0.0,
2022-11-25 08:03:00+00:00,,,,0,0,,0.0,
2022-11-25 08:04:00+00:00,,,,0,0,,0.0,
2022-11-25 08:05:00+00:00,,,,0,0,,0.0,
2022-11-25 08:06:00+00:00,,,,0,0,,0.0,
2022-11-25 08:07:00+00:00,,,,0,0,,0.0,
2022-11-25 08:08:00+00:00,,,,0,0,,0.0,
2022-11-25 08:09:00+00:00,,,,0,0,,0.0,
2022-11-25 08:10:00+00:00,,,,0,0,,0.0,
2022-11-25 08:11:00+00:00,,,,0,0,,0.0,
2022-11-25 08:12:00+00:00,,,,0,0,,0.0,
2022-11-25 08:13:00+00:00,,,,0,0,,0.0,
2022-11-25 08:14:00+00:00,,,,0,0,,0.0,
2022-11-25 08:15:00+00:00,,,,0,0,,0.0,
2022-11-25 08:16:00+00:00,,,,0,0,,0.0,
2022-11-25 08:17:00+00:00,,,,0,0,,0.0,
2022-11-25 08:18:00+00:00,,,,0,0,,0.0,
2022-11-25 08:19:00+00:00,,,,0,0,,0.0,
2022-11-25 08:20:00+00:00,,,,0,0,,0.0,
2022-11-25 08:21:00+00:00,,,,0,0,,0.0,
2022-11-25 08:22:00+00:00,,,,0,0,,0.0,
2022-11-25 08:23:00+00:00,,,,0,0,,0.0,
2022-11-25 08:24:00+00:00,,,,0,0,,0.0,
2022-11-25 08:25:00+00:00,,,,0,0,,0.0,
2022-11-25 08:26:00+00:00,,,,0,0,,0.0,
2022-11-25 08:27:00+00:00,,,,0,0,,0.0,
2022-11-25 08:28:00+00:00,,,,0,0,,0.0,
2022-11-25 08:29:00+00:00,,,,0,0,,0.0,
2022-11-25 08:30:00+00:00,,,,0,0,,0.0,
2022-11-25 08:31:00+00:00,,,,0,0,,0.0,
2022-11-25 08:32:00+00:00,,,,0,0,,0.0,
2022-11-25 08:33:00+00:00,,,,0,0,,0.0,
2022-11-25 08:34:00+00:00,,,,0,0,,0.0,
2022-11-25 08:35:00+00:00,,,,0,0,,0.0,
2022-11-25 08:36:00+00:00,,,,0,0,,0.0,
2022-11-25 08:37:00+00:00,,,,0,0,,0.0,
2022-11-25 08:38:00+00:00,,,,0,0,,0.0,
2022-11-25 08:39:00+00:00,,,,0,0,,0.0,
2022-11-25 08:40:00+00:00,,,,0,0,,0.0,
2022-11-25 08:41:00+00:00,,,,0,0,,0.0,
2022-11-25 08:42:00+00:00,,,,0,0,,0.0,
2022-11-25 08:43:00+00:00,,,,0,0,,0.0,
2022-11-25 08:44:00+00:00,,,,0,0,,0.0,
2022-11-25 08:45:00+00:00,,,,0,0,,0.0,
2022-11-25 08:46:00+00:00,,,,0,0,,0.0,
2022-11-25 08:47:00+00:00,,,,0,0,,0.0,
2022-11-25 08:48:00+00:00,,,,0,0,,0.0,
2022-11-25 08:49:00+00:00,,,,0,0,,0.0,
2022-11-25 08:50:00+00:00,,,,0,0,,0.0,
2022-11-25 08:51:00+00:00,,,,0,0,,0.0,
2022-11-25 08:52:00+00:00,,,,0,0,,0.0,
2022-11-25 08:53:00+00:00,,,,0,0,,0.0,
2022-11-25 08:54:00+00:00,,,,0,0,,0.0,
2022-11-25 08:55:00+00:00,,,,0,0,,0.0,
2022-11-25 08:56:00+00:00,,,,0,0,,0.0,
2022-11-25 08:57:00+00:00,,,,0,0,,0.0,
2022-11-25 08:58:00+00:00,,,,0,0,,0.0,
2022-11-25 08:59:00+00:00,,,,0,0,,0.0,
2022-11-25 09:00:00+00:00,,,,0,0,,9.956125904632644e-08,
2022-11-25 09:01:00+00:00,403.1,403.01,403.06,300,300,403.035,6.860888060251819e-08,-3.688897904374766e-05
2022-11-25 09:02:00+00:00,403.02,403.01,403.04,300,300,403.025,8.589735415615831e-08,0.0001361409648081846
2022-11-25 09:03:00+00:00,403.03,403.05,403.1,300,300,403.075,7.753385883812573e-08,-0.00032252062271287407
2022-11-25 09:04:00+00:00,402.95,402.92,402.97,300,300,402.945,3.007927928401758e-08,0.0003440577836586467
2022-11-25 09:05:00+00:00,403.0,403.04,403.1,800,300,403.08363636363634,4.9528212206738964e-08,6.540487875295042e-05
2022-11-25 09:06:00+00:00,403.11,403.08,403.12,300,73,403.1121715817694,4.252600952821058e-08,-0.00016083559595669872
2022-11-25 09:07:00+00:00,403.07,403.02,403.06,4,300,403.0205263157895,8.743754348572005e-08,6.236885971322437e-05
2022-11-25 09:08:00+00:00,403.09,403.04,403.09,300,195,403.070303030303,3.6661547964409756e-08,4.886733046038927e-05
2022-11-25 09:09:00+00:00,403.07,403.07,403.12,199,300,403.0899398797595,2.30132465291195e-08,9.923342181661354e-05
2022-11-25 09:10:00+00:00,403.07,403.11,403.16,800,300,403.1463636363636,2.2450125474488236e-08,5.8632112808210124e-05
2022-11-25 09:11:00+00:00,403.07,403.11,403.17,800,300,403.15363636363634,3.5237419533668805e-08,1.920594535209652e-05
2022-11-25 09:12:00+00:00,403.14,403.13,403.2,1300,1600,403.16137931034484,2.8588786975478473e-08,-1.5823217878074836e-05
2022-11-25 09:13:00+00:00,403.12,403.12,403.19,300,300,403.155,2.1661125279783338e-08,-4.960871128967259e-05
2022-11-25 09:14:00+00:00,403.17,403.11,403.16,800,300,403.1463636363636,1.6594198081137897e-07,-0.0003348754139431698
2022-11-25 09:15:00+00:00,403.05,402.97,403.02,300,300,402.995,4.7041104470381084e-08,0.0001736972704713402
2022-11-25 09:16:00+00:00,403.05,403.03,403.08,1600,500,403.0680952380952,2.9838562612813004e-08,-8.269862141419004e-06
2022-11-25 09:17:00+00:00,403.11,403.04,403.09,300,500,403.05875,1.8282682465385293e-08,-6.841487986042338e-05
2022-11-25 09:18:00+00:00,403.11,403.01,403.05,800,300,403.03909090909093,2.6720432787594153e-08,-2.2555899157228332e-05
2022-11-25 09:19:00+00:00,403.11,403.02,403.07,300,300,403.045,1.9301059786959926e-08,-4.962409746167573e-05
2022-11-25 09:20:00+00:00,403.01,402.99,403.03,300,300,403.01,9.242245914664494e-08,-0.0001364730403712322
2022-11-25 09:21:00+00:00,402.88,402.93,402.97,500,300,402.955,7.625189368118962e-08,1.5510416796038484e-05
2022-11-25 09:22:00+00:00,402.9,402.93,402.98,500,300,402.96125,3.791402443815146e-08,-0.00016027182100852855
2022-11-25 09:23:00+00:00,402.9,402.87,402.93,500,300,402.9075,4.775820735700549e-08,-6.569424212155006e-05
2022-11-25 09:24:00+00:00,402.9,402.87,402.9,2,300,402.8701986754967,4.2949423977931244e-08,0.00016084913879543805
2022-11-25 09:25:00+00:00,402.84,402.91,402.96,300,300,402.935,4.451720768231819e-08,-2.4817898668483274e-05
2022-11-25 09:26:00+00:00,402.96,402.9,402.94,1600,300,402.93368421052634,1.5643639018326952e-08,-1.2409257305945331e-05
2022-11-25 09:27:00+00:00,402.9,402.9,402.94,300,300,402.92,4.766792034333133e-08,-9.927529038022964e-05
2022-11-25 09:28:00+00:00,402.91,402.86,402.9,300,300,402.88,1.654948654918384e-08,-7.255453045762472e-05
2022-11-25 09:29:00+00:00,402.91,402.83,402.87,300,300,402.85,2.7301695183642908e-08,0.00020570181118273467
2022-11-25 09:30:00+00:00,402.91,402.89,402.95,800,300,402.93363636363637,4.5332753915030976e-08,7.445394797689353e-05
2022-11-25 09:31:00+00:00,402.9,402.92,402.98,800,300,402.96363636363634,1.715685877583076e-08,1.579208590918313e-05
2022-11-25 09:32:00+00:00,402.95,402.95,402.99,300,300,402.97,3.7993750721623256e-08,-0.00011167084398344684
2022-11-25 09:33:00+00:00,403.0,402.92,402.95,3,300,402.92029702970297,3.906541262894054e-08,0.00021405968852761248
2022-11-25 09:34:00+00:00,403.0,402.98,403.03,500,300,403.01125,3.3279000865693106e-08,0.0001596120395406242
2022-11-25 09:35:00+00:00,403.09,403.05,403.09,500,282,403.0755754475703,3.1438510390519224e-08,-0.00012547385813244105
2022-11-25 09:36:00+00:00,402.99,403.0,403.05,300,300,403.025,4.078342940504011e-08,-0.0001364679610444952
2022-11-25 09:37:00+00:00,402.96,402.95,402.99,300,300,402.97,2.042524214812547e-08,0.00012182273889083106
2022-11-25 09:38:00+00:00,403.01,402.99,403.03,800,300,403.0190909090909,3.076814769221463e-08,-0.00013747909172145967
2022-11-25 09:39:00+00:00,403.01,402.93,402.97,1600,300,402.9636842105263,4.505096251056341e-08,-0.0002663281540442597
2022-11-25 09:40:00+00:00,402.8,402.83,402.87,500,300,402.855,3.455176623725452e-08,-3.3849195065771553e-06
2022-11-25 09:41:00+00:00,402.8,402.83,402.88,1600,300,402.8721052631579,5.734695538723388e-07,0.0006104158839013163
2022-11-25 09:42:00+00:00,403.23,403.09,403.12,300,300,403.105,3.406766556589113e-07,-0.0009102164808723057
2022-11-25 09:43:00+00:00,402.75,402.71,402.75,300,200,402.734,1.1239949612357776e-07,-4.303916067016633e-05
2022-11-25 09:44:00+00:00,402.67,402.68,402.72,1300,300,402.7125,7.151425623037535e-08,-5.7621474664038e-05
2022-11-25 09:45:00+00:00,402.73,402.69,402.74,300,300,402.715,6.073572728213824e-08,5.687228646467091e-05
2022-11-25 09:46:00+00:00,402.72,402.65,402.7,1300,300,402.690625,4.678107608550048e-08,-0.00010685014793465619
2022-11-25 09:47:00+00:00,402.72,402.6,402.68,1300,500,402.65777777777777,6.34839281982288e-08,-0.00014825160932019354
2022-11-25 09:48:00+00:00,402.6,402.57,402.63,800,300,402.6136363636364,7.732933005378329e-08,-0.00028224668360143923
2022-11-25 09:49:00+00:00,402.5,402.48,402.52,300,300,402.5,3.88801033933457e-08,0.00019875776397504374
2022-11-25 09:50:00+00:00,402.6,402.56,402.6,300,300,402.58,5.307555294758332e-08,-0.00032235688829596043
2022-11-25 09:51:00+00:00,402.47,402.45,402.46,30,1300,402.4502255639098,6.446712528904718e-08,-3.7832166421170044e-05
2022-11-25 09:52:00+00:00,402.42,402.44,402.48,300,1300,402.4475,5.514306898486714e-08,-0.00013666803334699829
2022-11-25 09:53:00+00:00,402.38,402.36,402.4,300,300,402.38,4.176050665271507e-08,-0.00014829795503634724
2022-11-25 09:54:00+00:00,402.37,402.32,402.36,5,1600,402.3201246105919,3.000962229303953e-08,0.00014831995058162128
2022-11-25 09:55:00+00:00,402.41,402.36,402.4,300,300,402.38,7.271847355674275e-08,0.0001242606491376197
2022-11-25 09:56:00+00:00,402.34,402.39,402.45,1300,300,402.43875,8.911075578711748e-08,-0.00022324537795448407
2022-11-25 09:57:00+00:00,402.38,402.34,402.37,2,300,402.34019867549665,3.042142291403622e-08,6.174038775941249e-05
2022-11-25 09:58:00+00:00,402.35,402.35,402.4,300,300,402.375,1.898315292864728e-08,0.00026561703925565006
2022-11-25 09:59:00+00:00,402.45,402.47,402.5,20,300,402.47187500000007,2.847442171812929e-08,7.903461708025361e-05
2022-11-25 10:00:00+00:00,402.48,402.48,402.53,270,300,402.5036842105263,7.705216828149226e-08,-0.0003072871513434272
2022-11-25 10:01:00+00:00,402.36,402.36,402.4,300,300,402.38,2.3566865072978326e-08,-0.00014789054307196015
2022-11-25 10:02:00+00:00,402.35,402.32,402.35,5,300,402.3204918032787,2.4094921423807383e-08,-8.783177714166701e-05
2022-11-25 10:03:00+00:00,402.3,402.27,402.31,305,500,402.2851552795031,3.324066374166403e-08,0.0001860489245368857
2022-11-25 10:04:00+00:00,402.38,402.34,402.38,300,259,402.36146690518785,3.728411102039645e-08,-4.205954101588194e-05
2022-11-25 10:05:00+00:00,402.34,402.34,402.38,25,300,402.34307692307686,5.5659275303746565e-08,-0.0001795911377382442
2022-11-25 10:06:00+00:00,402.31,402.27,402.32,5,300,402.27081967213115,3.668349787358727e-08,0.00023751154585460732
2022-11-25 10:07:00+00:00,402.32,402.33,402.38,800,300,402.36636363636364,3.2512656642873374e-08,0.0001333023047742632
2022-11-25 10:08:00+00:00,402.4,402.4,402.44,300,300,402.42,2.500896361934303e-08,8.358521851881129e-05
2022-11-25 10:09:00+00:00,402.48,402.44,402.48,300,300,402.46,3.464407576251716e-08,3.840080957950853e-05
2022-11-25 10:10:00+00:00,402.48,402.44,402.48,800,300,402.46909090909094,2.3092985242884225e-08,-0.000159244301087047
2022-11-25 10:11:00+00:00,402.4,402.38,402.43,300,300,402.405,2.7321428380840695e-08,0.00022038545874525362
2022-11-25 10:12:00+00:00,402.42,402.46,402.5,1600,300,402.49368421052634,1.8814060835865316e-08,-2.157601688423938e-05
2022-11-25 10:13:00+00:00,402.5,402.46,402.5,500,300,402.485,1.83516777658489e-08,-0.00017730756764511302
2022-11-25 10:14:00+00:00,402.42,402.39,402.43,300,300,402.41,4.3100550747007494e-08,2.823869604995366e-05
2022-11-25 10:15:00+00:00,402.46,402.4,402.45,300,300,402.425,2.7527863198006693e-08,7.454805243201079e-05
2022-11-25 10:16:00+00:00,402.42,402.44,402.48,300,300,402.46,3.0977515248157256e-08,7.454249543425995e-05
2022-11-25 10:17:00+00:00,402.42,402.46,402.5,500,300,402.485,2.000278313016638e-08,8.87344515065891e-06
2022-11-25 10:18:00+00:00,402.5,402.46,402.5,800,200,402.492,1.4925012737237023e-08,0.00016504461528632497
2022-11-25 10:19:00+00:00,402.5,402.52,402.57,800,300,402.55636363636364,3.041972370960419e-08,0.0
2022-11-25 10:20:00+00:00,402.5,402.54,402.57,300,300,402.555,1.9241694057271702e-08,-2.2357193427025024e-05
2022-11-25 10:21:00+00:00,402.55,402.53,402.55,300,75,402.546,3.644955963383063e-08,0.00028746214891595123
2022-11-25 10:22:00+00:00,402.7,402.66,402.7,10,223,402.66171673819747,9.785801852112504e-08,4.54060096664044e-05
2022-11-25 10:23:00+00:00,402.66,402.66,402.7,300,300,402.68,2.679999634566583e-08,0.0
2022-11-25 10:24:00+00:00,402.67,402.65,402.71,300,300,402.68,2.5234021283696377e-08,6.547043896798499e-05
2022-11-25 10:25:00+00:00,402.67,402.67,402.72,1600,300,402.71210526315787,3.9191258573625e-08,0.00012077376477792612
2022-11-25 10:26:00+00:00,402.74,402.74,402.77,300,300,402.755,3.088228577764792e-08,-3.658576389564683e-05
2022-11-25 10:27:00+00:00,402.74,402.74,402.76,2,500,402.7400796812749,2.7585476407300896e-08,0.00014913574187835898
2022-11-25 10:28:00+00:00,402.82,402.8,402.82,5,300,402.8003278688525,1.3438360657627773e-08,-1.5000371520912381e-05
2022-11-25 10:29:00+00:00,402.81,402.78,402.84,500,1600,402.7942857142857,2.5379229960466215e-08,0.00016314602278377777
2022-11-25 10:30:00+00:00,402.81,402.84,402.88,300,300,402.86,2.694389574251587e-08,-6.544118642626273e-05
2022-11-25 10:31:00+00:00,402.8,402.79,402.85,800,300,402.83363636363634,4.650226144225388e-08,-0.00017969294791209123
2022-11-25 10:32:00+00:00,402.78,402.73,402.78,500,300,402.76125,3.105537965787933e-08,2.1725029406338692e-05
2022-11-25 10:33:00+00:00,402.76,402.74,402.78,300,300,402.76,3.241860843961626e-08,-0.00011172629540423529
2022-11-25 10:34:00+00:00,402.76,402.7,402.75,300,300,402.725,4.5372100563098116e-08,0.00027313923893457215
2022-11-25 10:35:00+00:00,402.76,402.83,402.85,100,300,402.835,3.492899689304002e-08,4.626301993715387e-05
2022-11-25 10:36:00+00:00,402.83,402.81,402.87,800,300,402.8536363636364,4.294376005821942e-08,0.00011368297191305388
2022-11-25 10:37:00+00:00,402.81,402.88,402.9,500,25,402.8990476190476,1.7425502592971218e-08,7.338317019978113e-05
2022-11-25 10:38:00+00:00,402.93,402.92,402.95,300,700,402.929,8.265932480643118e-09,0.00010697979832174909
2022-11-25 10:39:00+00:00,402.95,402.93,402.98,1600,300,402.9721052631579,9.134952234445632e-09,-0.00010448679352237367
2022-11-25 10:40:00+00:00,402.95,402.91,402.95,300,300,402.93,2.7223118939047946e-08,-0.00013650013650012838
2022-11-25 10:41:00+00:00,402.95,402.85,402.9,300,300,402.875,1.4298665340485862e-08,6.449545530839984e-05
2022-11-25 10:42:00+00:00,402.95,402.9,402.91,120,1100,402.90098360655736,4.4219489846494414e-08,-0.00023823125398736433
2022-11-25 10:43:00+00:00,402.8,402.8,402.82,100,300,402.805,2.329336693537294e-08,7.468392020570924e-05
2022-11-25 10:44:00+00:00,402.83,402.81,402.86,302,300,402.8350830564784,2.786943005983908e-08,0.00016115017348794503
2022-11-25 10:45:00+00:00,402.84,402.88,402.92,300,300,402.9,1.3873176380046458e-08,0.00014540504092130924
2022-11-25 10:46:00+00:00,402.95,402.95,402.96,800,132,402.95858369098715,1.1462785259052332e-08,4.073944488913739e-05
2022-11-25 10:47:00+00:00,402.95,402.98,403.0,1300,1000,402.9913043478261,2.5222902909681485e-08,0.00018301383460506138
2022-11-25 10:48:00+00:00,403.0,403.01,403.06,300,300,403.035,4.9572358052343344e-08,-3.98746518170956e-06
2022-11-25 10:49:00+00:00,403.0,403.0,403.04,300,800,403.0109090909091,3.5990470839096623e-08,-0.00016667093990108128
2022-11-25 10:50:00+00:00,402.96,402.96,403.02,299,800,402.9763239308462,2.809134703329184e-08,3.730554922642959e-05
2022-11-25 10:51:00+00:00,403.02,402.97,403.02,300,300,402.995,4.174164164271869e-08,-0.00011929905601038016
2022-11-25 10:52:00+00:00,403.02,402.93,402.98,300,300,402.955,4.016350326552868e-08,-0.00010393795606022938
2022-11-25 10:53:00+00:00,402.89,402.9,402.95,300,300,402.925,3.984463827242727e-08,0.0002129947226754414
2022-11-25 10:54:00+00:00,402.91,402.97,403.0,800,237,402.993143683703,3.813392373466108e-08,4.749922900493253e-05
2022-11-25 10:55:00+00:00,403.0,403.0,403.03,300,300,403.015,3.61859936232864e-08,0.00022642118061577676
2022-11-25 10:56:00+00:00,403.0,403.07,403.12,500,300,403.10125,6.942259654518724e-08,-0.0001736536416099277
2022-11-25 10:57:00+00:00,403.0,403.01,403.07,800,300,403.0536363636364,3.759866393478361e-08,-0.00012405985888197524
2022-11-25 10:58:00+00:00,403.0,402.95,403.0,500,300,402.98125,1.6996688126823976e-08,-2.7916931618965357e-05
2022-11-25 10:59:00+00:00,402.97,402.94,403.0,300,300,402.97,4.6034339850956185e-08,-0.00016120950322917604
2022-11-25 11:00:00+00:00,402.92,402.9,402.95,601,300,402.9333518312985,5.717972783225918e-08,-0.00012419156336651582
2022-11-25 11:01:00+00:00,402.88,402.86,402.91,800,800,402.885,2.2982490815803548e-08,8.426696558561098e-05
2022-11-25 11:02:00+00:00,402.9,402.84,402.9,300,300,402.87,3.105490712347104e-08,0.00016394748977455187
2022-11-25 11:03:00+00:00,402.91,402.94,402.97,300,300,402.955,4.034326786883108e-08,-8.685833405708276e-05
2022-11-25 11:04:00+00:00,402.91,402.89,402.95,300,300,402.92,8.238978681941496e-09,1.4891293556917873e-05
2022-11-25 11:05:00+00:00,402.91,402.9,402.95,500,300,402.93125,8.368171042626332e-09,-8.779527754476657e-05
2022-11-25 11:06:00+00:00,402.91,402.85,402.9,1300,300,402.890625,6.319600487070125e-08,-0.00010083381811121228
2022-11-25 11:07:00+00:00,402.85,402.83,402.87,300,300,402.85,2.1879787404945673e-08,0.0
2022-11-25 11:08:00+00:00,402.8,402.83,402.87,300,300,402.85,1.4605555464665136e-08,-3.723470274308305e-05
2022-11-25 11:09:00+00:00,402.85,402.83,402.86,500,300,402.84875,7.820223623442919e-09,-3.368979500639746e-05
2022-11-25 11:10:00+00:00,402.8,402.77,402.83,1800,300,402.82142857142856,2.9167609827838745e-08,-3.5464136891594222e-06
2022-11-25 11:11:00+00:00,402.8,402.8,402.85,500,300,402.83125,3.267699178229926e-08,0.00022963110073992432
2022-11-25 11:12:00+00:00,402.8,402.88,402.92,1300,300,402.9125,1.2740860861796002e-08,-7.756026432537144e-05
2022-11-25 11:13:00+00:00,402.8,402.85,402.9,500,300,402.88125,1.6810913933862354e-08,7.756628038668723e-05
2022-11-25 11:14:00+00:00,402.8,402.88,402.92,1300,300,402.9125,2.1204720428274576e-08,0.00024817732085069544
2022-11-25 11:15:00+00:00,402.96,402.98,403.02,500,300,403.005,2.2748250955997644e-08,0.00012408115378259588
2022-11-25 11:16:00+00:00,402.96,403.03,403.07,1300,300,403.0625,5.0766656404517554e-08,-0.00012111220833910252
2022-11-25 11:17:00+00:00,402.95,402.98,403.02,1600,300,403.0136842105263,2.8276804660055254e-08,-0.00020646450309291797
2022-11-25 11:18:00+00:00,402.95,402.91,402.95,301,287,402.93047619047616,2.5049967301988182e-08,-6.322726123142441e-05
2022-11-25 11:19:00+00:00,402.88,402.89,402.92,300,300,402.905,2.0650387743050164e-08,-9.927898636141741e-05
2022-11-25 11:20:00+00:00,402.87,402.84,402.89,300,300,402.865,2.8253511105415218e-08,-0.00021453482290245685
2022-11-25 11:21:00+00:00,402.83,402.75,402.8,400,300,402.7785714285714,3.07538804444463e-08,0.00032615610786623783
2022-11-25 11:22:00+00:00,402.8,402.86,402.9,300,300,402.88,1.6802861301146408e-08,2.4968061687724585e-05
2022-11-25 11:23:00+00:00,402.91,402.86,402.93,1800,300,402.92,4.36263312826397e-09,-2.602949686814071e-05
2022-11-25 11:24:00+00:00,402.91,402.89,402.91,400,10,402.9095121951219,4.3240893393626136e-09,4.18243817326136e-05
2022-11-25 11:25:00+00:00,402.91,402.9,402.97,1600,800,402.94666666666666,2.5359619556681674e-08,0.0002559029568487414
2022-11-25 11:26:00+00:00,402.91,403.02,403.07,300,300,403.045,2.6613673916991573e-08,0.00012528373534981263
2022-11-25 11:27:00+00:00,402.91,403.06,403.1,300,301,403.07996672212977,3.018797550577951e-08,-0.00012396230588218593
2022-11-25 11:28:00+00:00,403.06,403.01,403.05,300,300,403.03,3.306008986833558e-08,-7.382350301388119e-05
2022-11-25 11:29:00+00:00,403.06,403.0,403.02,10,800,403.00024691358027,3.700765504375667e-08,0.00011104977419362783
2022-11-25 11:30:00+00:00,403.0,403.02,403.07,300,300,403.045,3.9079226909935984e-08,0.00014886675185143972
2022-11-25 11:31:00+00:00,403.11,403.08,403.12,500,300,403.105,4.1445144381317555e-08,-0.0002976891876806942
2022-11-25 11:32:00+00:00,403.0,402.96,403.01,300,300,402.985,1.2575289962778763e-08,9.925927764053988e-05
2022-11-25 11:33:00+00:00,403.0,402.99,403.06,1600,1600,403.025,2.119553263467354e-08,0.00014868089666908446
2022-11-25 11:34:00+00:00,403.0,403.06,403.1,300,300,403.08,1.3019576005137439e-08,-0.00011144579197841509
2022-11-25 11:35:00+00:00,403.02,403.02,403.07,200,300,403.04,1.2693298407060656e-08,-0.00017749717531378995
2022-11-25 11:36:00+00:00,403.07,402.94,402.97,300,300,402.955,1.585876265077856e-08,-8.59009771725372e-06
2022-11-25 11:37:00+00:00,402.93,402.95,402.98,300,300,402.965,3.5717509791268526e-09,-6.990082879887449e-05
2022-11-25 11:38:00+00:00,402.95,402.9,402.95,800,286,402.936832412523,3.839632492072499e-08,-0.00012525232765947525
2022-11-25 11:39:00+00:00,402.86,402.85,402.9,800,300,402.8863636363636,1.2490300459870283e-08,0.00013051752753012735
2022-11-25 11:40:00+00:00,402.91,402.88,402.94,1600,300,402.93052631578945,2.821603572581298e-08,-5.932817452913852e-05
2022-11-25 11:41:00+00:00,402.94,402.89,402.94,300,299,402.915041736227,3.576363589112147e-08,-9.938009773591272e-05
2022-11-25 11:42:00+00:00,402.94,402.86,402.89,300,300,402.875,1.9226740430347143e-08,0.0001207232110118639
2022-11-25 11:43:00+00:00,402.85,402.88,402.94,1300,300,402.92875,2.4810095772821018e-08,-9.451122903703091e-05
2022-11-25 11:44:00+00:00,402.89,402.85,402.89,1600,100,402.8876470588235,6.376009900829722e-08,-0.00025879615572510506
2022-11-25 11:45:00+00:00,402.8,402.78,402.82,10,300,402.7812903225806,7.473947410146304e-08,-0.0001397540648809814
2022-11-25 11:46:00+00:00,402.75,402.71,402.75,300,500,402.725,5.2717263827127914e-08,0.00010863492457624524
2022-11-25 11:47:00+00:00,402.72,402.75,402.78,500,300,402.76875,8.520215205456065e-09,8.06914637740963e-05
2022-11-25 11:48:00+00:00,402.72,402.77,402.82,500,300,402.80125,1.6911575400862643e-08,-3.1032674302489127e-06
2022-11-25 11:49:00+00:00,402.77,402.78,402.82,300,300,402.8,2.6967031143167176e-08,4.981739121823203e-05
2022-11-25 11:50:00+00:00,402.82,402.77,402.82,1800,299,402.8128775607432,1.9545545130255094e-08,-0.00016491254304329406
2022-11-25 11:51:00+00:00,402.77,402.74,402.79,300,300,402.765,2.9845680032193e-08,0.00011511661764807002
2022-11-25 11:52:00+00:00,402.8,402.78,402.82,300,300,402.8,2.244036474912696e-08,6.545093436849392e-05
2022-11-25 11:53:00+00:00,402.79,402.79,402.84,800,300,402.8263636363636,3.2130445118164216e-08,4.1490051848613874e-05
2022-11-25 11:54:00+00:00,402.83,402.81,402.85,300,500,402.825,3.368200743385333e-08,-0.0001588360770024
2022-11-25 11:55:00+00:00,402.77,402.75,402.79,800,300,402.7790909090909,4.15708386106639e-08,-9.713559577484432e-05
2022-11-25 11:56:00+00:00,402.77,402.73,402.76,300,301,402.74497504159734,5.855735037750016e-08,-0.00022028288588249456
2022-11-25 11:57:00+00:00,402.64,402.61,402.64,300,300,402.625,9.49686341857212e-08,0.00024524945594972536
2022-11-25 11:58:00+00:00,402.76,402.68,402.74,1800,300,402.7314285714286,2.4736713645637754e-08,5.191580610564017e-05
2022-11-25 11:59:00+00:00,402.76,402.76,402.82,300,300,402.79,4.610659099623679e-08,-0.00018846716382869833
2022-11-25 12:00:00+00:00,402.66,402.67,402.72,300,300,402.695,8.409096075799786e-08,0.00014899613851682147
2022-11-25 12:01:00+00:00,402.78,402.73,402.79,500,1,402.789880239521,4.749008011180546e-08,-0.00011140050312108407
2022-11-25 12:02:00+00:00,402.75,402.71,402.75,1,300,402.71013289036546,6.597938143915443e-08,0.00021063664747611455
2022-11-25 12:03:00+00:00,402.8,402.77,402.8,500,101,402.7949584026622,3.4559510304175264e-08,-1.2176413319853197e-05
2022-11-25 12:04:00+00:00,402.83,402.79,402.86,1,1300,402.79005380476553,3.3390738054214734e-08,0.0001052715557019468
2022-11-25 12:05:00+00:00,402.83,402.8,402.82,55,300,402.8030985915493,3.5963634936590945e-08,0.00014124655918723583
2022-11-25 12:06:00+00:00,402.88,402.85,402.88,1600,200,402.87666666666667,3.812244097954314e-08,4.728362523631624e-05
2022-11-25 12:07:00+00:00,402.91,402.89,402.91,300,26,402.9084049079755,3.127091852242487e-08,-3.327036073774714e-05
2022-11-25 12:08:00+00:00,402.88,402.88,402.9,300,100,402.895,1.0494197977045768e-08,0.00013533937888299263
2022-11-25 12:09:00+00:00,402.91,402.92,402.95,1000,16,402.94952755905507,3.884935210382052e-08,-4.225729996065741e-05
2022-11-25 12:10:00+00:00,402.92,402.87,402.92,1,800,402.87006242197253,7.303865519408844e-08,-0.0002756292927476034
2022-11-25 12:11:00+00:00,402.84,402.8,402.84,335,290,402.82144,3.061881491817054e-08,-4.5104282340613366e-05
2022-11-25 12:12:00+00:00,402.83,402.8,402.85,35,500,402.8032710280374,3.5854687914344236e-08,0.00016533153126396805
2022-11-25 12:13:00+00:00,402.82,402.85,402.87,500,1,402.8699600798403,5.4603205211967644e-08,-0.0001299851736499269
2022-11-25 12:14:00+00:00,402.83,402.81,402.85,300,500,402.825,2.5761728405855068e-08,0.00022342624141202805
2022-11-25 12:15:00+00:00,402.9,402.9,402.91,300,100,402.9075,3.194670157316159e-08,-0.0002915477557718926
2022-11-25 12:16:00+00:00,402.8,402.79,402.82,1,300,402.7900996677741,4.282456462754446e-10,-5.8049776248125795e-06
2022-11-25 12:17:00+00:00,402.79,402.75,402.79,2126,130,402.787695035461,2.6224287174270457e-08,0.0001515810072936219
2022-11-25 12:18:00+00:00,402.83,402.83,402.85,300,20,402.84875,2.993935732546558e-08,0.00010690906157262425
2022-11-25 12:19:00+00:00,402.89,402.87,402.9,800,300,402.89181818181817,4.3807091763614385e-08,-6.408216958764257e-05
2022-11-25 12:20:00+00:00,402.89,402.85,402.89,200,300,402.866,1.0751796625494033e-08,5.242041344377668e-05
2022-11-25 12:21:00+00:00,402.89,402.87,402.91,300,401,402.88711840228245,2.9628714164541442e-08,0.00023874023945058553
2022-11-25 12:22:00+00:00,402.99,402.97,402.99,500,148,402.98543209876544,7.465555522528263e-08,0.00011562901586414931
2022-11-25 12:23:00+00:00,402.99,403.0,403.03,800,1,403.0299625468165,1.397708634832192e-08,-0.00010423481803212287
2022-11-25 12:24:00+00:00,402.99,402.98,403.03,300,1601,402.9878905839032,1.675139849404426e-08,0.00020342180905874585
2022-11-25 12:25:00+00:00,403.03,403.03,403.07,300,1,403.0698671096346,5.096476627324265e-08,-0.00019789958396831953
2022-11-25 12:26:00+00:00,403.0,402.99,403.03,2,800,402.9900997506234,2.338937325205383e-08,8.275271590862943e-05
2022-11-25 12:27:00+00:00,403.0,403.0,403.04,425,300,403.02344827586205,7.303042295649628e-08,0.00011567110926202773
2022-11-25 12:28:00+00:00,403.14,403.06,403.09,125,300,403.06882352941176,2.0902859913104945e-08,-9.946504634328335e-05
2022-11-25 12:29:00+00:00,403.02,403.02,403.03,400,1,403.02997506234414,1.099003158143429e-08,-4.33592125286264e-05
2022-11-25 12:30:00+00:00,403.02,403.01,403.03,1900,1,403.02998947922146,2.0227335727789807e-08,-1.3887943737245223e-06
2022-11-25 12:31:00+00:00,403.02,403.01,403.05,1400,325,403.04246376811597,2.0900593042318397e-08,0.00020536757244515869
2022-11-25 12:32:00+00:00,403.1,403.07,403.1,1400,300,403.09470588235297,1.77589012684308e-08,-0.00012082987358108532
2022-11-25 12:33:00+00:00,403.08,403.04,403.07,100,400,403.046,3.565258413147997e-08,-0.00011534118904066304
2022-11-25 12:34:00+00:00,402.96,402.98,403.0,400,10,402.9995121951219,6.885658296869459e-08,-0.00022920459004016625
2022-11-25 12:35:00+00:00,402.91,402.89,402.92,400,300,402.90714285714284,6.21609312604111e-08,-0.00023659217021743117
2022-11-25 12:36:00+00:00,402.82,402.81,402.82,30,100,402.8123076923077,2.578681956685767e-08,-1.0484412121702924e-05
2022-11-25 12:37:00+00:00,402.79,402.8,402.81,300,95,402.8075949367089,7.341977300635455e-08,6.239290503518014e-05
2022-11-25 12:38:00+00:00,402.85,402.85,402.87,500,1,402.8699600798403,2.1142783033981536e-08,8.330965612635133e-05
2022-11-25 12:39:00+00:00,402.86,402.86,402.87,508,300,402.8662871287128,2.656330057778966e-08,9.381069080882654e-06
2022-11-25 12:40:00+00:00,402.89,402.87,402.89,1,300,402.8700664451827,1.470764657165723e-08,-7.196364681938405e-08
2022-11-25 12:41:00+00:00,402.91,402.87,402.89,1,300,402.8700664451827,1.2605784209747e-08,-4.128486538124143e-05
2022-11-25 12:42:00+00:00,402.87,402.87,402.9,50,1300,402.87111111111113,5.500652288501093e-08,3.743116043186667e-05
2022-11-25 12:43:00+00:00,402.87,402.86,402.87,300,41,402.86879765395895,1.9909143722463358e-08,-0.00012018164887828142
2022-11-25 12:44:00+00:00,402.82,402.8,402.84,300,298,402.8200668896321,1.2338075258946393e-08,-2.08535364938367e-05
2022-11-25 12:45:00+00:00,402.79,402.81,402.83,60,1,402.82967213114756,4.4435204256085694e-08,0.00011758743680334582
2022-11-25 12:46:00+00:00,402.83,402.83,402.86,300,10,402.85903225806453,7.176524790164536e-08,2.7125671514749428e-05
2022-11-25 12:47:00+00:00,402.85,402.83,402.87,300,1,402.8698671096346,1.511131256585337e-08,0.0
2022-11-25 12:48:00+00:00,402.83,402.85,402.87,500,1,402.8699600798403,3.837190405636531e-08,-6.195567382427658e-05
2022-11-25 12:49:00+00:00,402.82,402.82,402.86,500,300,402.845,2.955263169342144e-08,-8.364421098427943e-05
2022-11-25 12:50:00+00:00,402.82,402.79,402.81,1,2000,402.79000999500255,4.7592640520983224e-08,0.00018468756586043078
2022-11-25 12:51:00+00:00,402.87,402.85,402.88,1300,1300,402.865,2.8155097115372972e-08,6.0146012909934043e-05
2022-11-25 12:52:00+00:00,402.88,402.9,402.91,143,1,402.9099305555556,3.248615826636623e-08,-0.00016795935246904925
2022-11-25 12:53:00+00:00,402.86,402.83,402.87,133,301,402.84225806451616,3.5561097004330774e-09,-3.0099062121813347e-05
2022-11-25 12:54:00+00:00,402.86,402.83,402.87,4,300,402.8305263157895,5.210319913108158e-08,-6.771029593188871e-05
2022-11-25 12:55:00+00:00,402.8,402.76,402.81,800,800,402.785,7.687255972860982e-08,9.836057679435406e-05
2022-11-25 12:56:00+00:00,402.88,402.84,402.87,27,300,402.84247706422013,5.5667358553417764e-08,-3.924709645497515e-05
2022-11-25 12:57:00+00:00,402.83,402.82,402.84,500,1011,402.82661813368634,5.154884007099919e-08,-0.0002646963454264739
2022-11-25 12:58:00+00:00,402.75,402.72,402.74,2,1000,402.72003992015965,4.721690983920849e-08,9.7392017261555e-05
2022-11-25 12:59:00+00:00,402.78,402.74,402.79,300,301,402.7649584026622,5.084892503373278e-08,0.00017558479572521435
2022-11-25 13:00:00+00:00,402.82,402.82,402.83,500,1,402.8299800399202,7.589593793505785e-08,9.643497010358715e-05
2022-11-25 13:01:00+00:00,402.87,402.85,402.87,1300,81,402.86882693700215,7.076448795620794e-08,-0.00010346811932859801
2022-11-25 13:02:00+00:00,402.83,402.79,402.84,801,300,402.82637602179835,7.071816169921037e-08,-0.0002036071314650556
2022-11-25 13:03:00+00:00,402.75,402.72,402.77,303,300,402.74512437810944,9.846543541873105e-08,0.00020174457434940507
2022-11-25 13:04:00+00:00,402.83,402.79,402.84,801,300,402.82637602179835,6.885126548323105e-08,-0.00018605397965731907
2022-11-25 13:05:00+00:00,402.77,402.75,402.78,15,300,402.75142857142856,3.825398843565282e-08,-4.6782242271947716e-05
2022-11-25 13:06:00+00:00,402.7,402.7,402.74,1499,341,402.73258695652174,6.935762347754434e-08,-0.00011721633930705799
2022-11-25 13:07:00+00:00,402.68,402.68,402.7,184,500,402.68538011695904,5.1219687047353987e-08,-9.86694091398288e-06
2022-11-25 13:08:00+00:00,402.7,402.67,402.7,100,163,402.6814068441065,1.8347614765194665e-08,7.10068938061248e-05
2022-11-25 13:09:00+00:00,402.72,402.7,402.74,100,300,402.71,3.643850222303278e-08,-2.1324853645809938e-05
2022-11-25 13:10:00+00:00,402.69,402.67,402.71,1101,301,402.7014122681883,6.184674849401513e-08,2.4331639438601727e-05
2022-11-25 13:11:00+00:00,402.72,402.71,402.75,25,801,402.71121065375297,5.431702999554344e-08,2.2420804088874036e-06
2022-11-25 13:12:00+00:00,402.77,402.68,402.72,300,1300,402.6875,8.67618834418921e-08,-2.0975463771444325e-05
2022-11-25 13:13:00+00:00,402.66,402.67,402.7,1600,1300,402.6865517241379,5.534713044282291e-08,0.00011499882754439916
2022-11-25 13:14:00+00:00,402.73,402.72,402.75,1300,1,402.74997694081475,5.791046716703681e-08,-0.00028534206088637326
2022-11-25 13:15:00+00:00,402.65,402.65,402.69,500,300,402.675,4.334539071871141e-08,8.697927076384282e-05
2022-11-25 13:16:00+00:00,402.67,402.67,402.68,10,1300,402.6700763358779,9.228136430149839e-08,-6.47585639220738e-05
2022-11-25 13:17:00+00:00,402.62,402.62,402.65,500,125,402.644,3.131712015588185e-08,-4.345852095399838e-05
2022-11-25 13:18:00+00:00,402.64,402.6,402.64,589,300,402.626501687289,3.1854944971507534e-08,8.7841825402446e-06
2022-11-25 13:19:00+00:00,402.67,402.63,402.68,1,1300,402.6300384319754,6.265580649772017e-08,0.00026740978422234996
2022-11-25 13:20:00+00:00,402.71,402.7,402.73,801,500,402.71847040737896,5.9016126996552054e-08,1.7148117193110934e-05
2022-11-25 13:21:00+00:00,402.75,402.74,402.75,300,1300,402.741875,1.2183533083745415e-07,-0.00022664115430059972
2022-11-25 13:22:00+00:00,402.67,402.64,402.67,800,1000,402.6533333333333,1.3478014039005306e-07,-0.00020430843979524216
2022-11-25 13:23:00+00:00,402.63,402.56,402.62,300,300,402.59,1.4605331587730516e-07,2.412334748558287e-05
2022-11-25 13:24:00+00:00,402.59,402.55,402.57,16,500,402.55062015503876,1.2333963283753578e-07,-6.968029647669294e-05
2022-11-25 13:25:00+00:00,402.58,402.55,402.58,100,500,402.555,6.960366989515593e-08,0.00017705190511474456
2022-11-25 13:26:00+00:00,402.59,402.57,402.63,900,100,402.624,1.2746787846433935e-07,-4.5416354429339556e-05
2022-11-25 13:27:00+00:00,402.63,402.59,402.63,1401,50,402.6286216402481,1.2034470829725084e-07,-0.00013483592596796878
2022-11-25 13:28:00+00:00,402.56,402.53,402.56,250,100,402.5514285714286,1.1075186152920801e-07,-0.00015865698463801703
2022-11-25 13:29:00+00:00,402.49,402.47,402.49,136,5,402.48929078014186,5.310870760363341e-08,-4.052541541943455e-05
2022-11-25 13:30:00+00:00,402.47,402.45,402.48,185,1000,402.4546835443038,8.41671063417493e-08,-3.1058119057680855e-06
2022-11-25 13:31:00+00:00,402.45,402.45,402.47,100,1,402.469801980198,1.1310828927047136e-07,-0.0002476642218174341
2022-11-25 13:32:00+00:00,402.35,402.35,402.38,210,100,402.37032258064517,9.100240381204145e-08,9.126874124665285e-05
2022-11-25 13:33:00+00:00,402.39,402.39,402.41,602,1035,402.397354917532,4.895149332067908e-08,-0.0001583299316864073
2022-11-25 13:34:00+00:00,402.33,402.37,402.38,100,500,402.37166666666667,1.0314430532888943e-07,-0.00024275349634073073
2022-11-25 13:35:00+00:00,402.23,402.22,402.24,179,1000,402.2230364715861,9.86660277736239e-08,1.8010682640179354e-05
2022-11-25 13:36:00+00:00,402.25,402.25,402.27,205,1,402.2699029126213,4.484004609826329e-08,0.00013617086253092658
2022-11-25 13:37:00+00:00,402.29,402.3,402.33,210,610,402.3076829268293,4.5340041730871885e-08,-0.0002552348145137273
2022-11-25 13:38:00+00:00,402.22,402.2,402.23,100,1000,402.20272727272726,4.878987319068837e-08,0.00012253879063095496
2022-11-25 13:39:00+00:00,402.23,402.22,402.26,100,600,402.2257142857143,5.487754489271519e-08,-0.00013374104718888447
2022-11-25 13:40:00+00:00,402.22,402.2,402.22,25,1000,402.20048780487804,4.423049677378895e-08,0.00017209120206884698
2022-11-25 13:41:00+00:00,402.25,402.24,402.27,100,1,402.26970297029703,2.6034909982043096e-08,1.5535374921826772e-05
2022-11-25 13:42:00+00:00,402.28,402.27,402.29,100,236,402.2759523809524,2.0434704107411635e-08,2.4266687342677784e-05
2022-11-25 13:43:00+00:00,402.31,402.28,402.31,100,1000,402.2827272727273,2.6699455845746052e-08,-0.00021001956475119599
2022-11-25 13:44:00+00:00,402.19,402.19,402.21,500,248,402.2033689839572,3.807262175890367e-08,-0.00017703243413724756
2022-11-25 13:45:00+00:00,402.14,402.13,402.17,5,1300,402.13015325670494,8.000434747127913e-08,-0.00019080235134183443
2022-11-25 13:46:00+00:00,402.08,402.04,402.08,100,203,402.053201320132,4.9715413508597216e-08,2.0937241151264274e-05
2022-11-25 13:47:00+00:00,402.09,402.06,402.09,6,1099,402.0601628959276,3.168738211597955e-08,2.8898667060905936e-05
2022-11-25 13:48:00+00:00,402.05,402.03,402.05,1931,52,402.049475542108,3.407920582074684e-08,4.145180812820115e-06
2022-11-25 13:49:00+00:00,402.06,402.05,402.09,600,101,402.0842368045649,5.043957933045763e-08,3.0725671075870764e-05
2022-11-25 13:50:00+00:00,402.08,402.09,402.1,1300,1,402.09999231360496,8.907740060272446e-08,3.5003705264324836e-05
2022-11-25 13:51:00+00:00,402.08,402.09,402.14,1100,2400,402.10571428571427,9.75179651590905e-08,0.00021041324053006072
2022-11-25 13:52:00+00:00,402.18,402.15,402.18,100,500,402.155,3.2384351219899365e-08,-9.783356653070285e-05
2022-11-25 13:53:00+00:00,402.14,402.11,402.15,2601,1100,402.1381113212645,4.1357287644979504e-08,0.00014008449073243945
2022-11-25 13:54:00+00:00,402.21,402.16,402.21,3700,600,402.20302325581395,3.643276567468161e-08,-1.2241313612659788e-05
2022-11-25 13:55:00+00:00,402.17,402.16,402.2,1605,1100,402.1837338262477,4.633918214217156e-08,-1.0193390950097303e-05
2022-11-25 13:56:00+00:00,402.19,402.17,402.2,100,25,402.194,3.529235484045981e-08,-0.00010989229029279013
2022-11-25 13:57:00+00:00,402.14,402.13,402.15,100,1,402.149801980198,7.052474324385268e-08,-0.00019837632797825577
2022-11-25 13:58:00+00:00,402.08,402.07,402.09,1,100,402.0701980198019,2.737513955963078e-08,7.46343709878694e-05
2022-11-25 13:59:00+00:00,402.1,402.1,402.11,5,1500,402.1000332225914,4.928003195309062e-08,-3.519241104465998e-05
2022-11-25 14:00:00+00:00,402.12,402.08,402.13,200,1000,402.0883333333333,8.183486549113669e-08,-0.000132506223134099
2022-11-25 14:01:00+00:00,402.03,402.05,402.07,100,1,402.06980198019806,9.727033264137557e-08,4.376398420191663e-05
2022-11-25 14:02:00+00:00,402.1,402.05,402.07,1,100,402.050198019802,5.699215090720418e-08,0.00016398701649888991
2022-11-25 14:03:00+00:00,402.14,402.1,402.12,600,144,402.1161290322581,5.018209896339823e-08,-8.729497260673291e-05
2022-11-25 14:04:00+00:00,402.07,402.07,402.11,419,1101,402.0810263157895,3.536299686673028e-08,5.0254356154466606e-05
2022-11-25 14:05:00+00:00,402.1,402.08,402.09,100,2300,402.0804166666667,1.5769544844237284e-08,-0.0001631892629886389
2022-11-25 14:06:00+00:00,402.05,402.03,402.05,96,246,402.0356140350877,5.977279315492102e-08,-2.074768384641157e-05
2022-11-25 14:07:00+00:00,402.03,402.0,402.03,600,38,402.02821316614416,3.1350001619240565e-08,-3.272186019787071e-05
2022-11-25 14:08:00+00:00,402.05,402.0,402.04,600,100,402.0342857142857,4.359096130580298e-08,-0.00017002048279168847
2022-11-25 14:09:00+00:00,401.94,401.94,401.97,357,1000,401.9478924097274,4.95283401206868e-08,-6.361304181756733e-05
2022-11-25 14:10:00+00:00,401.96,401.92,401.94,1,1100,401.92001816530427,3.282169328109973e-08,-5.133151495406718e-05
2022-11-25 14:11:00+00:00,401.9,401.86,401.91,2000,501,401.89998400639746,6.87665165327041e-08,8.457952605822605e-05
2022-11-25 14:12:00+00:00,401.95,401.91,401.95,2526,600,401.9423224568138,7.504849954790281e-08,-0.0001323220102505962
2022-11-25 14:13:00+00:00,401.91,401.88,401.89,21,500,401.88040307101727,3.9795239522766176e-08,-7.1589431124508e-05
2022-11-25 14:14:00+00:00,401.86,401.85,401.87,135,1548,401.8516042780749,3.283369998007082e-08,6.89488969780605e-05
2022-11-25 14:15:00+00:00,401.87,401.86,401.88,2400,82,401.87933924254634,3.668619179303631e-08,-0.00012199365846898846
2022-11-25 14:16:00+00:00,401.85,401.83,401.85,26,1800,401.8302847754655,3.560032616175164e-08,-2.5574102948899835e-05
2022-11-25 14:17:00+00:00,401.82,401.8,401.82,257,2300,401.8020101681658,1.8781424383739625e-08,-0.00014787738258237315
2022-11-25 14:18:00+00:00,401.78,401.76,401.79,2,100,401.7605882352941,7.073948910919218e-09,-0.00012368715557442567
2022-11-25 14:19:00+00:00,401.71,401.71,401.72,151,1535,401.7108956109134,4.305717726910773e-08,-6.979762899783637e-05
2022-11-25 14:20:00+00:00,401.71,401.67,401.7,1,1900,401.67001578116776,2.118700069469186e-08,-7.7482933765749e-05
2022-11-25 14:21:00+00:00,401.65,401.65,401.67,73,1001,401.65135940409675,6.695154984199022e-08,-2.9532190373937617e-05
2022-11-25 14:22:00+00:00,401.65,401.63,401.67,501,1529,401.6398719211823,3.884112063190205e-08,-0.0002895942541562002
2022-11-25 14:23:00+00:00,401.52,401.52,401.55,175,1300,401.5235593220339,3.810538339500824e-08,0.00023794538514088082
2022-11-25 14:24:00+00:00,401.6,401.61,401.62,100,9,401.6191743119266,2.5537940316312944e-08,0.00022870521086382212
2022-11-25 14:25:00+00:00,401.69,401.7,401.75,100,904,401.70498007968126,2.8508807923281406e-08,4.90575613887323e-06
2022-11-25 14:26:00+00:00,401.72,401.7,401.74,525,1100,401.71292307692306,2.980097236707946e-08,0.0002736632545750073
2022-11-25 14:27:00+00:00,401.8,401.82,401.85,200,2000,401.82272727272726,4.447362625945282e-08,0.0001690100169886577
2022-11-25 14:28:00+00:00,401.89,401.86,401.91,700,500,401.88916666666665,8.43204006780226e-08,-0.0003120282300618227
2022-11-25 14:29:00+00:00,401.76,401.76,401.79,93,100,401.77445595854925,2.3955207966436143e-08,0.00011083264443412233
2022-11-25 14:30:00+00:00,401.84,401.8,401.83,10079,1200,401.8268082276798,3.530982544343467e-07,0.0005691117787718358
2022-11-25 14:31:00+00:00,402.04,402.03,402.05,300,229,402.04134215500943,2.2736581261097252e-07,-0.00013438007660304674
2022-11-25 14:32:00+00:00,401.95,401.93,401.95,600,400,401.942,3.581443483663241e-07,-0.00018188978642008635
2022-11-25 14:33:00+00:00,401.9,401.88,401.9,300,400,401.8885714285714,1.813943477618323e-07,-0.00034058030489381164
2022-11-25 14:34:00+00:00,401.78,401.75,401.77,200,400,401.75666666666666,1.5649884396455595e-07,-0.000437808890795921
2022-11-25 14:35:00+00:00,401.6,401.6,401.61,100,481,401.6017211703959,3.4606296179374013e-07,0.0007682846490648654
2022-11-25 14:36:00+00:00,401.93,401.9,401.92,300,298,401.91003344481607,1.9297501029010926e-07,0.00020960439042272405
2022-11-25 14:37:00+00:00,401.98,401.97,401.99,1200,324,401.9857480314961,1.4257715051867216e-07,0.00016560409958987776
2022-11-25 14:38:00+00:00,402.08,402.08,402.1,400,200,402.0933333333333,1.918566035162445e-07,0.00031491820736162524
2022-11-25 14:39:00+00:00,402.19,402.18,402.2,300,800,402.18545454545455,1.954644488130777e-07,-0.0005223221427030911
2022-11-25 14:40:00+00:00,401.96,401.94,401.96,1005,300,401.95540229885063,1.939348943742803e-07,-0.00016057099952049292
2022-11-25 14:41:00+00:00,401.89,401.89,401.91,300,300,401.9,1.3571930385833312e-07,0.0004627901769052034
2022-11-25 14:42:00+00:00,402.11,402.1,402.11,300,211,402.1058708414873,1.1608560924432428e-07,6.590465958367098e-05
2022-11-25 14:43:00+00:00,402.13,402.13,402.14,200,300,402.134,1.8332689649249045e-07,-0.0004288911399104034
2022-11-25 14:44:00+00:00,401.95,401.94,401.96,300,400,401.9485714285714,1.7987270890279107e-07,0.00010924629171471523
2022-11-25 14:45:00+00:00,401.99,401.96,401.98,300,300,401.97,1.8465927843459033e-07,0.00026198027968593607
2022-11-25 14:46:00+00:00,402.1,402.09,402.1,300,50,402.0985714285714,2.3800860540288145e-07,-0.00019756139849358423
2022-11-25 14:47:00+00:00,402.01,402.01,402.03,400,400,402.02,9.213333619729433e-08,-0.000145689253011283
2022-11-25 14:48:00+00:00,401.98,401.96,401.98,300,200,401.972,1.175043306490605e-07,-0.00022807107204281252
2022-11-25 14:49:00+00:00,401.88,401.86,401.88,1011,500,401.87338186631365,7.010948895735003e-08,-0.0001582362416111538
2022-11-25 14:50:00+00:00,401.81,401.83,401.84,100,405,401.8319801980198,1.7430426740534514e-07,0.0004208148083790775
2022-11-25 14:51:00+00:00,401.98,401.99,402.0,300,663,401.9931152647975,1.1537470698203441e-07,0.00019469737137001175
2022-11-25 14:52:00+00:00,402.07,402.04,402.05,100,300,402.0425,1.5343580138840203e-07,0.0004927392688998111
2022-11-25 14:53:00+00:00,402.25,402.24,402.25,101,600,402.2414407988588,1.321574012954519e-07,0.00015712548303370433
2022-11-25 14:54:00+00:00,402.32,402.31,402.32,419,300,402.3158275382475,9.02352331952687e-08,-0.0004250254356273908
2022-11-25 14:55:00+00:00,402.13,402.13,402.14,200,300,402.134,1.682011554050971e-07,5.969828425023138e-05
2022-11-25 14:56:00+00:00,402.18,402.15,402.17,427,300,402.1617469050894,1.0091248760914399e-07,0.00044718145967648226
2022-11-25 14:57:00+00:00,402.33,402.35,402.37,436,549,402.3588527918782,1.0399513047539714e-07,0.00026601268923354127
2022-11-25 14:58:00+00:00,402.5,402.49,402.51,2231,301,402.50762243285936,1.0182218519881587e-07,6.0288040262257425e-06
2022-11-25 14:59:00+00:00,402.44,402.45,402.46,1,434,402.4500229885057,9.486925446888971e-08,-2.2554143886743816e-05
2022-11-25 15:00:00+00:00,402.45,402.43,402.44,225,100,402.43692307692305,1.0254858252047757e-07,-0.0002556325757975264
2022-11-25 15:01:00+00:00,402.35,402.34,402.35,6,300,402.34019607843135,1.0878475577782775e-07,0.000521297342604754
2022-11-25 15:02:00+00:00,402.54,402.53,402.55,325,400,402.53896551724137,9.167140237768178e-08,-0.0002270698530685289
2022-11-25 15:03:00+00:00,402.46,402.45,402.46,300,6,402.4598039215686,6.926017566205023e-08,0.00027294754812223765
2022-11-25 15:04:00+00:00,402.579,402.57,402.58,200,500,402.5728571428571,7.528957432109882e-08,3.5559463888334975e-05
2022-11-25 15:05:00+00:00,402.58,402.58,402.59,100,200,402.5833333333333,8.049511967221665e-08,-6.315131560075127e-05
2022-11-25 15:06:00+00:00,402.57,402.56,402.57,1,700,402.56001426533527,6.681083810684952e-08,6.108522982639641e-05
2022-11-25 15:07:00+00:00,402.6,402.58,402.6,300,300,402.59,4.809602996040962e-08,-1.241968603027388e-05
2022-11-25 15:08:00+00:00,402.58,402.58,402.6,200,500,402.5857142857143,7.275739340417852e-08,-8.859486067003264e-05
2022-11-25 15:09:00+00:00,402.54,402.53,402.54,1000,329,402.537524454477,6.663730455816702e-08,0.00015672968826163647
2022-11-25 15:10:00+00:00,402.6,402.6,402.61,200,250,402.6044444444444,9.794825352704383e-08,-0.0002459983147015121
2022-11-25 15:11:00+00:00,402.515,402.5,402.51,30,200,402.5013043478261,1.0358798601290464e-07,0.00019591696095089262
2022-11-25 15:12:00+00:00,402.59,402.58,402.6,405,203,402.593322368421,1.0549069356402052e-07,-4.2627582380494466e-05
2022-11-25 15:13:00+00:00,402.57,402.55,402.56,278,500,402.5535732647815,9.440139959670074e-08,-0.00027606650815725775
2022-11-25 15:14:00+00:00,402.45,402.44,402.46,1131,300,402.4558071278826,3.743058226798478e-08,8.646939149214994e-05
2022-11-25 15:15:00+00:00,402.5,402.49,402.51,300,641,402.49637619553664,4.39599422037404e-08,6.937341362722727e-05
2022-11-25 15:16:00+00:00,402.52,402.51,402.53,400,200,402.5233333333333,5.363257225601984e-08,0.0001738714451406942
2022-11-25 15:17:00+00:00,402.6,402.58,402.6,324,351,402.58959999999996,7.041530598136588e-08,0.0003893397384509001
2022-11-25 15:18:00+00:00,402.77,402.75,402.77,1202,200,402.7671469329529,1.245839444212942e-07,-0.00013913436425849746
2022-11-25 15:19:00+00:00,402.69,402.69,402.71,300,1501,402.6933314825097,5.5636018032070734e-08,-0.0002576700997580783
2022-11-25 15:20:00+00:00,402.61,402.59,402.6,1,400,402.59002493765587,3.825263772904889e-08,-6.276266947735643e-05
2022-11-25 15:21:00+00:00,402.56,402.55,402.57,800,300,402.56454545454545,5.17541212201299e-08,0.00029986284380001393
2022-11-25 15:22:00+00:00,402.68,402.67,402.68,500,200,402.6771428571429,4.628455075736101e-08,-6.878380003938478e-05
2022-11-25 15:23:00+00:00,402.66,402.65,402.66,400,100,402.658,5.635090676265012e-08,-0.0002903330277764793
2022-11-25 15:24:00+00:00,402.56,402.55,402.57,425,200,402.5636,5.643719994727399e-08,4.029954152384718e-05
2022-11-25 15:25:00+00:00,402.55,402.55,402.56,1500,10,402.55993377483446,6.758399289170015e-08,0.00024596713267133197
2022-11-25 15:26:00+00:00,402.66,402.64,402.66,1200,300,402.656,5.782981221121668e-08,-0.00041623385966615967
2022-11-25 15:27:00+00:00,402.49,402.47,402.49,401,324,402.48106206896557,5.090861545515248e-08,-6.83248910682277e-06
2022-11-25 15:28:00+00:00,402.48,402.48,402.5,200,500,402.48571428571427,5.12378962622361e-08,-7.080991636976286e-05
2022-11-25 15:29:00+00:00,402.45,402.46,402.47,2600,4,402.46998463901696,5.197361709306216e-08,0.00012209650823291618
2022-11-25 15:30:00+00:00,402.5,402.48,402.5,2395,300,402.4977736549165,6.180252574124153e-08,0.00020083966553330335
2022-11-25 15:31:00+00:00,402.58,402.58,402.59,20,440,402.5804347826086,8.789755814713163e-08,-0.00013449156711586863
2022-11-25 15:32:00+00:00,402.54,402.53,402.54,100,200,402.53333333333336,1.00120133483837e-07,-0.00029219703780825057
2022-11-25 15:33:00+00:00,402.41,402.41,402.42,100,400,402.412,3.667778805310291e-08,0.00023153818269738835
2022-11-25 15:34:00+00:00,402.51,402.5,402.52,900,302,402.5149750415973,7.111720685145245e-08,1.8253002308954436e-05
2022-11-25 15:35:00+00:00,402.51,402.5,402.51,200,200,402.505,3.1721411176581076e-08,0.00018325749089531662
2022-11-25 15:36:00+00:00,402.58,402.6,402.61,200,500,402.60285714285715,5.920484087448058e-08,-0.00021822981906427508
2022-11-25 15:37:00+00:00,402.51,402.49,402.5,100,200,402.49333333333334,4.5476095210409896e-08,-3.034000721002794e-05
2022-11-25 15:38:00+00:00,402.49,402.49,402.5,4,300,402.49013157894734,7.808905327461588e-08,-0.00038779798793020515
2022-11-25 15:39:00+00:00,402.34,402.33,402.35,350,300,402.34076923076924,5.853675447931746e-08,0.00018940389461663543
2022-11-25 15:40:00+00:00,402.42,402.41,402.42,300,200,402.416,5.043420051574324e-08,0.00025831921648200584
2022-11-25 15:41:00+00:00,402.52,402.48,402.49,300,300,402.485,2.0083731485774676e-08,-0.0002490596600367434
2022-11-25 15:42:00+00:00,402.42,402.42,402.43,300,100,402.4275,5.42736718524695e-08,-5.897751024885878e-05
2022-11-25 15:43:00+00:00,402.39,402.38,402.4,301,300,402.3900166389351,6.375655428012151e-08,0.00030640521075553373
2022-11-25 15:44:00+00:00,402.51,402.51,402.53,1498,624,402.52411875589064,4.988872821435401e-08,-0.00013232179926747634
2022-11-25 15:45:00+00:00,402.47,402.46,402.48,1889,600,402.47517878666133,5.627036973274191e-08,5.067859192853241e-05
2022-11-25 15:46:00+00:00,402.48,402.47,402.49,304,300,402.4800662251656,5.422059041340061e-08,-0.00015782824632348813
2022-11-25 15:47:00+00:00,402.42,402.41,402.42,225,200,402.4152941176471,3.4008576865521196e-08,0.0001691701297161785
2022-11-25 15:48:00+00:00,402.48,402.48,402.49,500,200,402.4871428571429,4.262065414435076e-08,0.0004502923026596939
2022-11-25 15:49:00+00:00,402.67,402.64,402.66,507,100,402.65670510708406,4.9434327601505233e-08,-6.826411820171074e-05
2022-11-25 15:50:00+00:00,402.645,402.63,402.65,311,400,402.6387482419128,6.655249706197122e-08,-0.00022970109080078238
2022-11-25 15:51:00+00:00,402.54,402.52,402.53,365,300,402.52548872180444,7.231272166907191e-08,2.629416150812247e-06
2022-11-25 15:52:00+00:00,402.55,402.54,402.55,400,100,402.548,5.053967227203352e-08,0.00011103247231414315
2022-11-25 15:53:00+00:00,402.59,402.58,402.59,119,292,402.582895377129,3.6604179253832754e-08,0.00013160725954453056
2022-11-25 15:54:00+00:00,402.64,402.64,402.65,100,400,402.642,3.947212283089475e-08,-5.588049025806452e-05
2022-11-25 15:55:00+00:00,402.62,402.63,402.65,1200,100,402.64846153846156,4.829277297029522e-08,-1.0592318815616508e-05
2022-11-25 15:56:00+00:00,402.62,402.62,402.63,80,200,402.62285714285713,3.910504692122893e-08,4.031294133488572e-05
2022-11-25 15:57:00+00:00,402.64,402.63,402.64,100,200,402.6333333333333,4.709683872783155e-08,5.1825011938788634e-05
2022-11-25 15:58:00+00:00,402.67,402.64,402.66,1214,400,402.65504337050805,1.844558096170337e-08,-0.00010141783330108733
2022-11-25 15:59:00+00:00,402.62,402.62,402.63,168,700,402.6219354838709,2.884864080488574e-08,1.2515097540521936e-06
2022-11-25 16:00:00+00:00,402.62,402.62,402.63,200,182,402.6252356020942,5.270223281094638e-08,-0.0001800882590413666
2022-11-25 16:01:00+00:00,402.53,402.54,402.55,200,301,402.54399201596806,4.325872824244434e-08,4.690536178308946e-05
2022-11-25 16:02:00+00:00,402.56,402.56,402.57,217,323,402.56401851851854,3.4791983619427455e-08,0.0004288161849586025
2022-11-25 16:03:00+00:00,402.735,402.73,402.74,1025,910,402.73529715762277,5.308510091299021e-08,7.449085500610408e-05
2022-11-25 16:04:00+00:00,402.78,402.77,402.79,428,658,402.7778821362799,7.679196075988296e-08,-3.561009860220121e-05
2022-11-25 16:05:00+00:00,402.75,402.74,402.76,423,1400,402.7446407021393,4.164186537689e-08,0.0002839378915238111
2022-11-25 16:06:00+00:00,402.84,402.84,402.85,300,150,402.8466666666667,3.4657010801428786e-08,3.027598169746959e-05
2022-11-25 16:07:00+00:00,402.88,402.87,402.89,412,500,402.8790350877193,3.708058116225414e-08,-0.0002357847958268655
2022-11-25 16:08:00+00:00,402.79,402.79,402.8,514,201,402.7971888111888,3.3772637363485397e-08,-5.275334426102507e-05
2022-11-25 16:09:00+00:00,402.76,402.76,402.77,306,308,402.7649837133551,2.3712563118997298e-08,6.0472385367438264e-05
2022-11-25 16:10:00+00:00,402.78,402.78,402.79,305,400,402.78432624113475,4.211247895199474e-08,-0.00016827764109583754
2022-11-25 16:11:00+00:00,402.73,402.73,402.74,300,200,402.736,5.6922079549893505e-08,-0.00026231242499352714
2022-11-25 16:12:00+00:00,402.6,402.6,402.61,628,800,402.6043977591037,5.1678021457246766e-08,3.951480337383018e-06
2022-11-25 16:13:00+00:00,402.63,402.61,402.62,200,300,402.614,3.781284148603103e-08,-0.0001217591086476455
2022-11-25 16:14:00+00:00,402.56,402.56,402.57,160,302,402.56346320346324,3.1849129925928456e-08,-4.829667029226936e-05
2022-11-25 16:15:00+00:00,402.54,402.53,402.54,300,297,402.5350251256281,2.9662014768004428e-08,7.35816435115666e-07
2022-11-25 16:16:00+00:00,402.54,402.54,402.55,679,220,402.547552836485,3.975587681987276e-08,-0.00012526752906238947
2022-11-25 16:17:00+00:00,402.5,402.49,402.51,600,221,402.5046163215591,2.34681111104953e-08,0.00013688095433117553
2022-11-25 16:18:00+00:00,402.55,402.54,402.55,900,100,402.549,3.708726420470198e-08,2.4647764832463892e-05
2022-11-25 16:19:00+00:00,402.55,402.55,402.56,200,200,402.555,2.6006329949022898e-08,6.22570493262753e-05
2022-11-25 16:20:00+00:00,402.59,402.57,402.59,1713,300,402.5870193740685,2.8072887657112146e-08,-0.0001582882727774182
2022-11-25 16:21:00+00:00,402.515,402.51,402.53,216,401,402.51700162074553,4.100367822959611e-08,-6.275395995214428e-05
2022-11-25 16:22:00+00:00,402.495,402.48,402.5,302,200,402.49203187251,4.156984747431648e-08,0.00015817116139160703
2022-11-25 16:23:00+00:00,402.56,402.56,402.57,495,311,402.566141439206,4.8164910256158294e-08,-0.00015814614723175247
2022-11-25 16:24:00+00:00,402.49,402.49,402.51,300,383,402.4987847730601,3.803613903690535e-08,-2.9139231696451162e-06
2022-11-25 16:25:00+00:00,402.49,402.49,402.5,224,100,402.49691358024694,6.40374703004891e-08,3.189988344276529e-05
2022-11-25 16:26:00+00:00,402.51,402.5,402.52,400,311,402.5112517580872,5.234561104204389e-08,-0.0002302768841605518
2022-11-25 16:27:00+00:00,402.42,402.41,402.42,619,191,402.4176419753087,3.60826843288317e-08,4.336302101815015e-05
2022-11-25 16:28:00+00:00,402.46,402.45,402.46,200,100,402.45666666666665,4.6915270439500336e-08,-0.000557155459417813
2022-11-25 16:29:00+00:00,402.2,402.19,402.21,1324,324,402.206067961165,6.19641155063106e-08,0.0002058349368987411
2022-11-25 16:30:00+00:00,402.28,402.28,402.29,100,300,402.2825,5.33573098429707e-08,-0.00018643267294748966
2022-11-25 16:31:00+00:00,402.21,402.21,402.22,593,100,402.218556998557,5.108722610093236e-08,-0.00018120103277841082
2022-11-25 16:32:00+00:00,402.14,402.13,402.14,110,200,402.13354838709677,2.1379919093570013e-08,-0.0001669017582565102
2022-11-25 16:33:00+00:00,402.07,402.07,402.08,200,500,402.0728571428571,4.838996074942301e-08,2.7358079960349002e-05
2022-11-25 16:34:00+00:00,402.09,402.08,402.1,200,508,402.0856497175141,6.177123607500016e-08,0.0002254907324967803
2022-11-25 16:35:00+00:00,402.19,402.19,402.21,700,366,402.20313320825517,4.4667539846100756e-08,0.00010660816904550785
2022-11-25 16:36:00+00:00,402.2,402.2,402.21,100,426,402.20190114068436,1.9238264728337153e-08,6.903238940059175e-05
2022-11-25 16:37:00+00:00,402.25,402.25,402.26,24,521,402.25044036697244,1.3646292646876839e-08,0.00019950459800899267
2022-11-25 16:38:00+00:00,402.33,402.32,402.33,321,336,402.3248858447488,1.5182037381084436e-08,-5.9356832592838416e-05
2022-11-25 16:39:00+00:00,402.315,402.3,402.32,301,1435,402.30346774193544,2.652636393933094e-08,4.660590183602764e-05
2022-11-25 16:40:00+00:00,402.33,402.32,402.33,200,100,402.32666666666665,2.5338295737169647e-08,-0.0001604262727352701
2022-11-25 16:41:00+00:00,402.26,402.26,402.27,200,100,402.26666666666665,5.00301058115444e-08,-4.665925399904847e-05
2022-11-25 16:42:00+00:00,402.24,402.23,402.25,412,100,402.24609375,3.3805403507439204e-08,0.0001954429722328399
2022-11-25 16:43:00+00:00,402.315,402.31,402.33,200,610,402.3149382716049,3.900472813756768e-08,2.01203715732845e-05
2022-11-25 16:44:00+00:00,402.33,402.32,402.33,100,100,402.325,3.892217066622965e-08,0.00019679414170425957
2022-11-25 16:45:00+00:00,402.43,402.42,402.44,200,5,402.439512195122,3.804049988290107e-08,0.00020549522916546437
2022-11-25 16:46:00+00:00,402.49,402.49,402.5,100,200,402.49333333333334,5.621642200573604e-08,-4.395738809015448e-05
2022-11-25 16:47:00+00:00,402.47,402.45,402.46,130,100,402.455652173913,4.454782310094528e-08,3.592275529928912e-05
2022-11-25 16:48:00+00:00,402.49,402.48,402.49,300,100,402.4875,2.040375797339579e-08,6.99418728267176e-07
2022-11-25 16:49:00+00:00,402.49,402.48,402.49,210,444,402.48321100917434,2.0372670929972564e-08,3.467539093282568e-05
2022-11-25 16:50:00+00:00,402.49,402.49,402.5,600,90,402.49869565217386,3.628316257246625e-08,-2.848639113661733e-05
2022-11-25 16:51:00+00:00,402.49,402.48,402.5,261,902,402.4844883920894,1.4732461514979868e-08,3.6736696390038404e-05
2022-11-25 16:52:00+00:00,402.51,402.5,402.51,306,20,402.5093865030675,4.5759626252129244e-08,5.710289892779663e-05
2022-11-25 16:53:00+00:00,402.52,402.52,402.53,100,100,402.525,1.8875533868423957e-08,-1.239057351820616e-05
2022-11-25 16:54:00+00:00,402.53,402.52,402.54,505,400,402.5311602209945,2.506906087555924e-08,8.870331723098701e-05
2022-11-25 16:55:00+00:00,402.55,402.54,402.55,293,100,402.547455470738,3.4058656356469485e-08,-0.00010114710336828203
2022-11-25 16:56:00+00:00,402.51,402.51,402.52,111,100,402.5152606635071,3.58159089818878e-08,-0.000143841970422387
2022-11-25 16:57:00+00:00,402.46,402.46,402.47,20,100,402.4616666666667,3.7237392441813626e-08,0.0002574061413791462
2022-11-25 16:58:00+00:00,402.56,402.55,402.56,701,100,402.5587515605493,3.0017428905783676e-08,-5.5296160926143756e-05
2022-11-25 16:59:00+00:00,402.55,402.54,402.56,180,18,402.5581818181818,3.3399627303920105e-08,-0.00015844629599215398
2022-11-25 17:00:00+00:00,402.47,402.46,402.48,1607,547,402.4749210770659,3.107781454019586e-08,-9.645889419029885e-05
2022-11-25 17:01:00+00:00,402.435,402.43,402.44,301,215,402.43583333333333,6.260553176820698e-08,-6.267574443219459e-06
2022-11-25 17:02:00+00:00,402.43,402.43,402.44,125,300,402.4329411764706,4.239128337746079e-08,0.0001336941024741023
2022-11-25 17:03:00+00:00,402.475,402.46,402.48,1595,124,402.4785573007563,4.018015625701163e-08,-0.00014628717528775148
2022-11-25 17:04:00+00:00,402.43,402.42,402.44,240,100,402.4341176470588,4.2443617605001336e-08,-0.0002772385674415512
2022-11-25 17:05:00+00:00,402.305,402.3,402.31,102,100,402.3050495049505,3.7181503899997155e-08,-0.00012724978775180418
2022-11-25 17:06:00+00:00,402.26,402.25,402.27,550,1116,402.2566026410564,4.574254912299543e-08,0.00047115165727240615
2022-11-25 17:07:00+00:00,402.47,402.46,402.47,1100,200,402.4684615384616,4.5271709929539296e-08,-0.00010504330759875113
2022-11-25 17:08:00+00:00,402.42,402.41,402.43,200,266,402.41858369098713,4.255988000232831e-08,-0.00047113684688571134
2022-11-25 17:09:00+00:00,402.23,402.22,402.23,339,563,402.2237583148559,3.0552189808853e-08,0.00014959071810061175
2022-11-25 17:10:00+00:00,402.275,402.27,402.29,327,215,402.2820664206642,8.181139605829482e-08,-6.647690200645151e-05
2022-11-25 17:11:00+00:00,402.26,402.26,402.27,175,400,402.2630434782609,2.532672060335725e-08,0.0001452813274835929
2022-11-25 17:12:00+00:00,402.31,402.3,402.32,777,200,402.3159058341863,1.7072874017596073e-08,-3.614402745011347e-05
2022-11-25 17:13:00+00:00,402.29,402.3,402.31,10,308,402.30031446540886,3.6984022815587844e-08,0.0002223956097833213
2022-11-25 17:14:00+00:00,402.38,402.38,402.39,100,280,402.3826315789473,3.926819401132758e-08,-0.00013126078689962295
2022-11-25 17:15:00+00:00,402.33,402.31,402.33,1506,300,402.3266777408638,5.802600696536503e-08,6.931860498249343e-05
2022-11-25 17:16:00+00:00,402.36,402.35,402.37,200,384,402.35684931506853,2.2805745240513395e-08,-0.00021373380139688702
2022-11-25 17:17:00+00:00,402.27,402.28,402.29,100,100,402.285,3.4141513649981415e-08,-1.7604217630529106e-05
2022-11-25 17:18:00+00:00,402.27,402.26,402.28,1197,400,402.2749906073888,1.871453402390779e-08,0.00010639350125640767
2022-11-25 17:19:00+00:00,402.31,402.31,402.32,201,425,402.3132108626198,3.825454833149263e-08,0.00013119502652680914
2022-11-25 17:20:00+00:00,402.37,402.36,402.37,400,100,402.368,2.2805373231660117e-08,-8.337510069800214e-05
2022-11-25 17:21:00+00:00,402.31,402.34,402.35,100,106,402.3448543689321,3.659304774169894e-08,-4.741985971690177e-05
2022-11-25 17:22:00+00:00,402.31,402.31,402.32,15,283,402.31050335570467,2.3037771202106717e-08,0.00012517969325909206
2022-11-25 17:23:00+00:00,402.35,402.36,402.37,100,191,402.3634364261169,1.5556491144503442e-08,-3.5080324818359543e-06
2022-11-25 17:24:00+00:00,402.38,402.37,402.38,419,100,402.3780732177264,3.32039961654408e-08,1.9913924751424616e-05
2022-11-25 17:25:00+00:00,402.38,402.38,402.39,100,202,402.3833112582781,2.966815367940654e-08,0.0004010685755226895
2022-11-25 17:26:00+00:00,402.54,402.53,402.54,400,1065,402.5327303754266,5.555350823801512e-08,2.6791741657428148e-05
2022-11-25 17:27:00+00:00,402.55,402.54,402.56,400,1102,402.54532623169115,3.475254458252291e-08,2.377734749847704e-05
2022-11-25 17:28:00+00:00,402.55,402.53,402.55,200,100,402.54333333333335,3.069378242070504e-08,-0.00022372837563466863
2022-11-25 17:29:00+00:00,402.45,402.46,402.47,100,184,402.46352112676055,2.142822840610483e-08,0.00018410760339748755
2022-11-25 17:30:00+00:00,402.53,402.53,402.54,400,107,402.5378895463511,3.53698923327475e-08,-0.00013689494658486456
2022-11-25 17:31:00+00:00,402.49,402.48,402.5,100,200,402.4866666666667,1.712665280240793e-08,-4.762111810252545e-05
2022-11-25 17:32:00+00:00,402.47,402.45,402.47,873,100,402.46794450154164,1.3275653828155537e-08,3.09389442525454e-05
2022-11-25 17:33:00+00:00,402.49,402.48,402.49,100,154,402.4839370078741,5.1590920613409167e-08,-0.0006528881131881992
2022-11-25 17:34:00+00:00,402.24,402.22,402.24,380,580,402.2279166666667,3.4722283667383234e-08,-5.0213608035365453e-05
2022-11-25 17:35:00+00:00,402.19,402.18,402.2,273,153,402.19281690140843,4.1303247357300155e-08,-8.18411217858861e-05
2022-11-25 17:36:00+00:00,402.16,402.16,402.18,9,285,402.16061224489795,1.8842913602513035e-08,7.839563629286062e-05
2022-11-25 17:37:00+00:00,402.2,402.19,402.2,350,300,402.1953846153846,9.389092531763826e-08,0.0002552373360436011
2022-11-25 17:38:00+00:00,402.29,402.28,402.3,138,100,402.29159663865545,6.413216413022845e-08,-6.918530851918181e-05
2022-11-25 17:39:00+00:00,402.26,402.26,402.27,200,100,402.26666666666665,2.636416338626389e-08,-1.5675851309460143e-05
2022-11-25 17:40:00+00:00,402.25,402.25,402.26,100,100,402.255,2.8818886355929274e-08,3.742820069785324e-05
2022-11-25 17:41:00+00:00,402.28,402.25,402.27,200,164,402.260989010989,2.2660153540307446e-08,-0.00015796907226894863
2022-11-25 17:42:00+00:00,402.215,402.21,402.22,102,100,402.2150495049505,4.9260606520563646e-08,-5.395770489424745e-05
2022-11-25 17:43:00+00:00,402.18,402.17,402.19,657,116,402.186998706339,2.9160461965645763e-08,-0.00014027520878401312
2022-11-25 17:44:00+00:00,402.14,402.13,402.15,120,100,402.1409090909091,2.8350827063121985e-08,-1.7450788776240955e-06
2022-11-25 17:45:00+00:00,402.11,402.13,402.14,100,280,402.1326315789473,3.563278170897944e-08,-4.135844157193702e-05
2022-11-25 17:46:00+00:00,402.11,402.1,402.11,400,82,402.10829875518675,2.9158592865915647e-08,-0.000133197822543063
2022-11-25 17:47:00+00:00,402.07,402.05,402.07,100,360,402.05434782608694,4.5287422122764405e-08,-0.0001427074265738515
2022-11-25 17:48:00+00:00,402.0,401.99,402.01,205,100,402.00344262295084,2.9409203988324185e-08,-7.611208313940132e-05
2022-11-25 17:49:00+00:00,401.98,401.96,401.99,1020,293,401.9833054074638,2.562088189578102e-08,-0.00019768490980021092
2022-11-25 17:50:00+00:00,401.89,401.88,401.89,101,200,401.88335548172756,1.910672827320554e-07,0.0006212754575201096
2022-11-25 17:51:00+00:00,402.13,402.12,402.14,100,100,402.13,8.098066796356428e-08,-0.0002520340808099819
2022-11-25 17:52:00+00:00,402.045,402.04,402.05,25,100,402.042,7.482259610853885e-08,-1.535573147470881e-05
2022-11-25 17:53:00+00:00,402.045,402.04,402.06,100,921,402.041958863859,2.0873994729200944e-08,0.00016987206268725963
2022-11-25 17:54:00+00:00,402.065,402.06,402.07,100,100,402.065,1.1866482235809062e-07,-8.79560039115379e-05
2022-11-25 17:55:00+00:00,402.06,402.04,402.07,201,600,402.04752808988763,1.266710393776846e-07,-0.00038965850408811953
2022-11-25 17:56:00+00:00,401.915,401.91,401.92,145,100,401.91591836734693,3.910266823087632e-08,-4.535827873886067e-05
2022-11-25 17:57:00+00:00,401.89,401.88,401.9,18,380,401.8809045226131,5.546656668226902e-08,0.00023336316269184643
2022-11-25 17:58:00+00:00,402.0,401.99,402.01,2473,1000,402.00424128995104,7.137901921688433e-08,0.00025486821527276327
2022-11-25 17:59:00+00:00,402.11,402.1,402.12,345,1027,402.10502915451895,1.5508453167591443e-07,0.00044668270045744585
2022-11-25 18:00:00+00:00,402.26,402.25,402.26,186,7000,402.25025883662676,2.786764448493381e-07,0.00014804043396665634
2022-11-25 18:01:00+00:00,402.33,402.33,402.34,100,600,402.33142857142855,8.474619193659416e-08,-0.00016983588316688003
2022-11-25 18:02:00+00:00,402.23,402.23,402.27,1000,340,402.2598507462686,6.463270409238562e-08,-0.0002740107081916632
2022-11-25 18:03:00+00:00,402.2,402.15,402.2,1075,1000,402.1759036144578,1.1638732991606479e-07,0.0001363690770461723
2022-11-25 18:04:00+00:00,402.19,402.16,402.21,1000,600,402.19125,8.555254995264139e-08,0.0003484793121146801
2022-11-25 18:05:00+00:00,402.35,402.33,402.35,1015,174,402.3470731707317,4.4280764774444654e-08,-0.00024129797845917622
2022-11-25 18:06:00+00:00,402.25,402.23,402.24,30,100,402.23230769230764,1.475488898004743e-08,-2.3606474769732877e-05
2022-11-25 18:07:00+00:00,402.24,402.22,402.25,600,280,402.2404545454545,3.758862049893951e-08,1.0569143034766526e-05
2022-11-25 18:08:00+00:00,402.25,402.23,402.26,100,104,402.24470588235295,1.2691941292038198e-08,-4.75788973460789e-05
2022-11-25 18:09:00+00:00,402.19,402.19,402.23,100,407,402.19788954635106,6.712909704255525e-08,0.00012258817710275594
2022-11-25 18:10:00+00:00,402.28,402.25,402.27,500,100,402.26666666666665,5.349964430750689e-08,6.730743084348845e-05
2022-11-25 18:11:00+00:00,402.3,402.23,402.31,894,100,402.30195171026156,5.8518970898528997e-08,-0.00014156458853720189
2022-11-25 18:12:00+00:00,402.27,402.23,402.26,100,100,402.245,7.293668210235747e-08,9.727152388960825e-05
2022-11-25 18:13:00+00:00,402.26,402.25,402.3,215,105,402.28359375,5.808970451059023e-08,0.000120944028747072
2022-11-25 18:14:00+00:00,402.35,402.3,402.35,112,374,402.3115226337449,1.5732684311563046e-07,-8.048769261859157e-05
2022-11-25 18:15:00+00:00,402.37,402.3,402.38,101,200,402.3268438538206,5.7673566793632104e-08,-0.0001262211726736906
2022-11-25 18:16:00+00:00,402.23,402.22,402.25,700,9,402.2496191819464,4.815117768064789e-07,0.0005396264070873791
2022-11-25 18:17:00+00:00,402.43,402.43,402.47,5564,503,402.46668369869786,4.5504287855708837e-07,0.0002485408041850157
2022-11-25 18:18:00+00:00,402.57,402.57,402.6,1900,305,402.59585034013605,1.871835986525308e-07,-0.00021540055126756386
2022-11-25 18:19:00+00:00,402.64,402.44,402.56,100,200,402.48,4.171500307563211e-08,0.00010685284975475717
2022-11-25 18:20:00+00:00,402.44,402.44,402.55,123,40,402.5230061349693,7.021125289603574e-08,-0.0001611598362336597
2022-11-25 18:21:00+00:00,402.46,402.45,402.49,24,94,402.45813559322033,2.828538407915355e-09,-3.3691260858947913e-07
2022-11-25 18:22:00+00:00,402.48,402.45,402.49,100,400,402.458,1.6004828426471356e-08,0.00011678237232204403
2022-11-25 18:23:00+00:00,402.5,402.5,402.51,100,100,402.505,6.172603028183112e-08,-0.00024279766146317883
2022-11-25 18:24:00+00:00,402.5,402.4,402.48,10,100,402.40727272727275,1.5110416342809946e-07,6.476176706238235e-05
2022-11-25 18:25:00+00:00,402.34,402.34,402.48,200,100,402.43333333333334,5.7630180965201414e-08,-0.0002014261726014377
2022-11-25 18:26:00+00:00,402.34,402.35,402.4,1,21,402.35227272727275,5.682334378178649e-08,0.00028960390889465337
2022-11-25 18:27:00+00:00,402.44,402.44,402.47,257,200,402.4568708971554,4.3122081018636316e-08,-0.00024857228479802096
2022-11-25 18:28:00+00:00,402.4,402.35,402.4,800,1333,402.3687529301454,1.6540942412784964e-07,-7.929916039828289e-05
2022-11-25 18:29:00+00:00,402.33,402.33,402.34,218,100,402.33685534591194,1.1024589462689224e-08,5.719913146906563e-06
2022-11-25 18:30:00+00:00,402.34,402.33,402.36,1072,3,402.3599162790698,9.43219441186148e-09,-4.5914454754103495e-05
2022-11-25 18:31:00+00:00,402.34,402.32,402.33,195,2700,402.32067357512955,1.3765450811295673e-12,-1.3912645885350017e-06
2022-11-25 18:32:00+00:00,402.32,402.32,402.33,38,3300,402.32011384062315,2.0742926524798745e-15,-8.88201039384029e-08
2022-11-25 18:33:00+00:00,402.33,402.32,402.33,33,4192,402.32007810650884,4.850086071945563e-08,2.428885363414679e-05
2022-11-25 18:34:00+00:00,402.31,402.3,402.33,199,1,402.32985,9.67154258103799e-09,-5.9712767211173023e-05
2022-11-25 18:35:00+00:00,402.33,402.3,402.33,107,444,402.30582577132486,2.615850456286619e-10,2.105420151776727e-06
2022-11-25 18:36:00+00:00,402.33,402.3,402.33,121,423,402.3066727941176,1.9196786706755494e-08,-0.00010394663577195651
2022-11-25 18:37:00+00:00,402.27,402.26,402.27,100,106,402.26485436893205,4.0694655368936245e-08,-9.710040832500155e-07
2022-11-25 18:38:00+00:00,402.33,402.26,402.33,22,323,402.2644637681159,4.764957158850544e-08,0.00020739720459084232
2022-11-25 18:39:00+00:00,402.38,402.34,402.39,170,907,402.3478922934076,2.084137020346144e-09,3.549982337469615e-05
2022-11-25 18:40:00+00:00,402.39,402.36,402.39,19,243,402.36217557251916,1.3560702180506873e-08,-0.00012092224337734159
2022-11-25 18:41:00+00:00,402.25,402.25,402.38,701,150,402.3570857814336,3.8938734180466276e-08,-7.870258006725805e-05
2022-11-25 18:42:00+00:00,402.3,402.26,402.3,100,83,402.2818579234973,7.302477176467743e-08,0.00013181819896579405
2022-11-25 18:43:00+00:00,402.3,402.33,402.39,25,282,402.33488599348533,8.906611067412201e-08,-0.0001689476937133394
2022-11-25 18:44:00+00:00,402.27,402.26,402.27,600,268,402.2669124423963,9.156372094515101e-10,6.97612347577703e-06
2022-11-25 18:45:00+00:00,402.27,402.25,402.27,701,10,402.26971870604774,2.644213644821678e-09,-2.2711582182588508e-05
2022-11-25 18:46:00+00:00,402.27,402.26,402.28,3,100,402.2605825242718,5.0864203450572435e-09,-7.150673892308834e-05
2022-11-25 18:47:00+00:00,402.23,402.23,402.25,10,100,402.2318181818182,3.9759831477621835e-09,3.169076884756983e-05
2022-11-25 18:48:00+00:00,402.23,402.23,402.25,268,100,402.2445652173913,1.6520382460863234e-09,-2.3779606285412314e-05
2022-11-25 18:49:00+00:00,402.21,402.22,402.25,100,100,402.235,9.758843172728907e-10,4.2547500738177035e-06
2022-11-25 18:50:00+00:00,402.25,402.23,402.25,100,198,402.236711409396,1.383061252352762e-07,0.0001112373176461734
2022-11-25 18:51:00+00:00,402.16,402.16,402.45,300,1027,402.22556141672953,4.0275185248495524e-07,-0.00023373329692788491
2022-11-25 18:52:00+00:00,402.23,402.18,402.23,26,149,402.1874285714286,1.3919432325811434e-07,0.0001307137539283687
2022-11-25 18:53:00+00:00,402.2,402.17,402.38,150,300,402.24,9.567744645331415e-08,-0.00017465484426437694
2022-11-25 18:54:00+00:00,402.17,402.15,402.17,390,5,402.1697468354431,3.236772599140055e-08,6.88640188377665e-05
2022-11-25 18:55:00+00:00,402.22,402.17,402.21,900,150,402.20428571428573,2.206619799574858e-09,5.0622742011841027e-05
2022-11-25 18:56:00+00:00,402.22,402.21,402.22,639,180,402.2178021978022,2.0563287175368225e-08,0.00010917097438301049
2022-11-25 18:57:00+00:00,402.21,402.21,402.27,936,150,402.2617127071823,8.132141552362617e-09,-4.900468167767791e-05
2022-11-25 18:58:00+00:00,402.27,402.24,402.27,10,140,402.24199999999996,2.493047446173885e-09,3.762981992827541e-05
2022-11-25 18:59:00+00:00,402.21,402.21,402.27,513,140,402.25713629402753,4.969043457557321e-10,1.5765952346979972e-05
2022-11-25 19:00:00+00:00,402.27,402.22,402.27,100,15,402.2634782608696,4.562863415993849e-11,4.533726405187011e-06
2022-11-25 19:01:00+00:00,402.22,402.22,402.27,135,14,402.2653020134228,3.6899351920714525e-08,2.758381803613652e-05
2022-11-25 19:02:00+00:00,402.28,402.25,402.28,535,73,402.27639802631575,5.5196898826466925e-09,2.8772461750481426e-05
2022-11-25 19:03:00+00:00,402.28,402.28,402.3,232,350,402.28797250859105,1.083088843901934e-11,3.856195160523157e-06
2022-11-25 19:04:00+00:00,402.28,402.28,402.3,300,330,402.2895238095238,6.58039145622272e-09,0.00013816844354175295
2022-11-25 19:05:00+00:00,402.34,402.34,402.35,190,182,402.34510752688175,2.5279513857381833e-08,-7.234467708749914e-05
2022-11-25 19:06:00+00:00,402.25,402.26,402.32,70,5,402.316,5.602594308070427e-08,-0.00023129881666128504
2022-11-25 19:07:00+00:00,402.3,402.22,402.3,6,157,402.22294478527607,1.462481698522081e-07,0.00036486776033961554
2022-11-25 19:08:00+00:00,402.35,402.35,402.37,199,3,402.36970297029706,2.0138268638196843e-09,8.209056763242017e-07
2022-11-25 19:09:00+00:00,402.39,402.37,402.39,1,600,402.3700332778702,1.5395272330438168e-08,0.00012454383623716758
2022-11-25 19:10:00+00:00,402.44,402.42,402.44,2,272,402.4201459854015,6.440179736154181e-08,-0.00012313480448211678
2022-11-25 19:11:00+00:00,402.42,402.37,402.43,1,100,402.37059405940596,2.1687433378233153e-08,0.0002196620074519373
2022-11-25 19:12:00+00:00,402.45,402.45,402.46,88,10,402.4589795918367,4.198857850754749e-09,-1.9273726780677514e-05
2022-11-25 19:13:00+00:00,402.5,402.45,402.52,4,225,402.4512227074236,4.2596941935083e-08,-0.00012230726270989756
2022-11-25 19:14:00+00:00,402.5,402.38,402.49,25,100,402.402,1.9305180936300192e-07,0.00038075703228201974
2022-11-25 19:15:00+00:00,402.55,402.55,402.59,180,1200,402.5552173913043,6.591707363094848e-10,-1.1766390966783113e-05
2022-11-25 19:16:00+00:00,402.56,402.55,402.56,100,1980,402.5504807692308,5.419890442012833e-12,-5.373837330679976e-08
2022-11-25 19:17:00+00:00,402.55,402.55,402.56,100,2078,402.5504591368228,2.002284518550632e-12,0.0
2022-11-25 19:18:00+00:00,402.55,402.55,402.56,100,2078,402.5504591368228,7.912309680348834e-08,-0.00028656555566675124
2022-11-25 19:19:00+00:00,402.55,402.43,402.55,25,563,402.43510204081633,2.135858567713943e-08,7.291213783133799e-05
2022-11-25 19:20:00+00:00,402.55,402.42,402.5,25,20,402.4644444444445,5.0275891782816204e-08,0.00022366344403956795
2022-11-25 19:21:00+00:00,402.56,402.55,402.56,1614,2004,402.5544610281924,4.6629594735107755e-11,-6.812353310570174e-06
2022-11-25 19:22:00+00:00,402.55,402.55,402.56,413,1990,402.5517186849771,1.733129058187783e-09,3.649276982242711e-05
2022-11-25 19:23:00+00:00,402.56,402.55,402.59,313,450,402.5664089121887,2.3614118897158013e-07,-0.00026929448108103937
2022-11-25 19:24:00+00:00,402.35,402.41,402.47,140,10,402.466,1.5827128281119327e-08,-0.00010768903621294346
2022-11-25 19:25:00+00:00,402.4,402.4,402.47,400,1510,402.41465968586385,6.756422627102085e-08,0.0003858340733959853
2022-11-25 19:26:00+00:00,402.5,402.5,402.57,932,1,402.5699249732047,7.08783272928378e-08,-0.0003889799762905044
2022-11-25 19:27:00+00:00,402.43,402.43,402.48,300,2000,402.43652173913046,6.242185275970071e-08,0.00024669998256876546
2022-11-25 19:28:00+00:00,402.51,402.51,402.53,300,2000,402.51260869565215,5.586267902753982e-09,6.697110107456439e-05
2022-11-25 19:29:00+00:00,402.54,402.53,402.54,2179,99,402.5395654082529,8.243430856685951e-10,-2.172191571259141e-05
2022-11-25 19:30:00+00:00,402.53,402.53,402.54,164,2000,402.53075785582257,1.951375299003548e-08,-0.00017467116823222106
2022-11-25 19:31:00+00:00,402.52,402.46,402.53,1,136,402.4605109489051,0.0,0.0
2022-11-25 19:32:00+00:00,402.52,402.46,402.53,1,136,402.4605109489051,5.468990241077177e-12,0.0
2022-11-25 19:33:00+00:00,402.52,402.46,402.53,1,136,402.4605109489051,8.714261252234054e-17,9.335020756395807e-09
2022-11-25 19:34:00+00:00,402.53,402.46,402.53,1,135,402.46051470588236,0.0,0.0
2022-11-25 19:35:00+00:00,402.53,402.46,402.53,1,135,402.46051470588236,5.4492948110234476e-11,6.1348775191039095e-06
2022-11-25 19:36:00+00:00,402.48,402.47,402.48,100,576,402.4714792899409,1.257988954400296e-09,-7.3944462078978646e-06
2022-11-25 19:37:00+00:00,402.48,402.46,402.48,1,2576,402.46000776096236,9.502411366181577e-19,9.748031271072932e-10
2022-11-25 19:38:00+00:00,402.48,402.46,402.48,1,2452,402.46000815328165,2.677381232133826e-10,-1.6362705253514243e-05
2022-11-25 19:39:00+00:00,402.48,402.44,402.46,100,49,402.4534228187919,4.2885020194480396e-08,-0.00020702816058892903
2022-11-25 19:40:00+00:00,402.39,402.37,402.39,7,1343,402.3701037037037,3.94302666256435e-14,-1.7086014880707268e-07
2022-11-25 19:41:00+00:00,402.39,402.37,402.38,7,2000,402.37003487792725,2.781456140052303e-09,-1.3778302047406932e-05
2022-11-25 19:42:00+00:00,402.36,402.36,402.38,580,2003,402.3644909020519,1.6811940211541257e-10,1.372143174682705e-05
2022-11-25 19:43:00+00:00,402.38,402.37,402.38,1,838,402.37001191895115,4.744826137787716e-10,-2.085995872636026e-05
2022-11-25 19:44:00+00:00,402.38,402.36,402.38,56,636,402.3616184971098,1.6560874814863656e-08,5.888982942181542e-06
2022-11-25 19:45:00+00:00,402.33,402.33,402.38,1246,587,402.36398799781773,7.081243691222207e-10,1.0020189483039843e-05
2022-11-25 19:46:00+00:00,402.38,402.33,402.38,1847,582,402.3680197612186,5.651523361106881e-09,-5.472542582196649e-05
2022-11-25 19:47:00+00:00,402.36,402.34,402.36,150,350,402.346,1.614636510487554e-09,-2.733965293555407e-05
2022-11-25 19:48:00+00:00,402.36,402.33,402.34,1,1,402.335,1.425660731901223e-10,1.194010356697639e-05
2022-11-25 19:49:00+00:00,402.34,402.34,402.35,149,1,402.3499333333333,5.776071256751181e-09,-2.913935299064807e-05
2022-11-25 19:50:00+00:00,402.34,402.32,402.36,101,399,402.32807999999994,3.011132955319188e-09,5.5495335984367955e-05
2022-11-25 19:51:00+00:00,402.34,402.35,402.36,100,2355,402.35040733197553,7.869176965304901e-09,-7.016346440391619e-05
2022-11-25 19:52:00+00:00,402.32,402.32,402.33,91,327,402.3221770334928,5.140057054787642e-14,5.2281831086631314e-08
2022-11-25 19:53:00+00:00,402.33,402.32,402.33,91,323,402.3221980676329,1.1268084533951986e-08,-0.00010414796432112183
2022-11-25 19:54:00+00:00,402.3,402.28,402.31,1,100,402.2802970297029,2.01515057547338e-09,-2.5533143105938017e-05
2022-11-25 19:55:00+00:00,402.28,402.27,402.32,1,1956,402.27002554931016,1.1079960523549079e-08,6.334663420481945e-07
2022-11-25 19:56:00+00:00,402.3,402.27,402.3,1,106,402.2702803738318,3.364970070288091e-09,6.304381170196827e-05
2022-11-25 19:57:00+00:00,402.3,402.27,402.3,100,17,402.295641025641,3.281516707558895e-09,-6.354644036754564e-05
2022-11-25 19:58:00+00:00,402.27,402.27,402.32,3,1956,402.2700765696784,7.717808700984774e-19,8.785105976016894e-10
2022-11-25 19:59:00+00:00,402.32,402.27,402.32,3,1947,402.2700769230769,7.826011877438907e-13,8.840998075854145e-07
2022-11-25 20:00:00+00:00,402.32,402.27,402.3,17,100,402.27435897435896,1.3501616661724194e-09,5.7364897061651376e-05
2022-11-25 20:01:00+00:00,402.3,402.29,402.3,100,185,402.29350877192985,3.4458647364839516e-10,1.856660129306853e-05
2022-11-25 20:02:00+00:00,402.32,402.3,402.32,100,1945,402.30097799511003,1.4879643702923537e-09,5.842966114544268e-05
2022-11-25 20:03:00+00:00,402.33,402.32,402.33,100,123,402.32448430493275,3.9942359239596256e-09,6.311571050576781e-05
2022-11-25 20:04:00+00:00,402.33,402.33,402.35,324,2,402.3498773006135,1.215769058338626e-09,1.3981414404007353e-07
2022-11-25 20:05:00+00:00,402.33,402.34,402.35,299,2,402.34993355481726,4.502502942321126e-11,9.1616499315883e-06
2022-11-25 20:06:00+00:00,402.33,402.35,402.36,198,349,402.3536197440585,7.819048209078482e-10,4.046501694432436e-05
2022-11-25 20:07:00+00:00,402.36,402.36,402.37,100,1,402.36990099009904,7.717292587544086e-09,0.0001221429058875234
2022-11-25 20:08:00+00:00,402.4,402.4,402.41,100,1,402.409900990099,3.3123446898014274e-08,0.0002328874315311591
2022-11-25 20:09:00+00:00,402.5,402.5,402.53,100,135,402.5127659574468,1.5299123933648753e-07,-5.774263548563585e-05
2022-11-25 20:10:00+00:00,402.5,402.48,402.49,100,5,402.4895238095238,2.3529893544652003e-09,-4.850762161212607e-05
2022-11-25 20:11:00+00:00,402.48,402.37,402.49,25,5,402.47,1.5497652842560487e-07,-0.00018569543594615379
2022-11-25 20:12:00+00:00,402.37,402.37,402.49,4,15,402.39526315789476,9.328765908663981e-09,-2.136330124935526e-05
2022-11-25 20:13:00+00:00,402.36,402.36,402.4,5,2,402.3885714285715,5.974768018574758e-10,-1.6642441838743416e-05
2022-11-25 20:14:00+00:00,402.36,402.35,402.38,998,1,402.3799699699699,8.629451380441825e-09,-1.1376680708607978e-09
2022-11-25 20:15:00+00:00,402.35,402.35,402.38,983,1,402.3799695121951,1.0328787229280582e-08,0.00015940812713766128
2022-11-25 20:16:00+00:00,402.48,402.36,402.48,150,64,402.44411214953277,1.1270283829376139e-09,4.00714371631139e-05
2022-11-25 20:17:00+00:00,402.48,402.36,402.48,350,69,402.46023866348446,2.741374500448412e-08,2.8268772779505014e-05
2022-11-25 20:18:00+00:00,402.42,402.42,402.48,394,64,402.471615720524,5.493941889273091e-09,-1.5123917788129049e-06
2022-11-25 20:19:00+00:00,402.45,402.42,402.48,363,64,402.4710070257612,8.640676136935858e-10,-4.141268023971634e-05
2022-11-25 20:20:00+00:00,402.45,402.36,402.46,350,21,402.4543396226415,0.0,0.0
2022-11-25 20:21:00+00:00,402.45,402.36,402.46,350,21,402.4543396226415,7.82904004246808e-09,-3.62309783964454e-05
2022-11-25 20:22:00+00:00,402.36,402.36,402.44,330,1,402.4397583081571,1.1731149190413938e-08,-2.4309994117177602e-05
2022-11-25 20:23:00+00:00,402.4,402.42,402.43,399,1,402.42997500000007,5.403318201507912e-09,-7.518498128999962e-05
2022-11-25 20:24:00+00:00,402.4,402.38,402.4,70,1,402.39971830985917,5.455789781469315e-09,7.450723441548845e-05
2022-11-25 20:25:00+00:00,402.4,402.4,402.43,99,1,402.4297,1.4514575090201385e-12,3.549865801311114e-08
2022-11-25 20:26:00+00:00,402.41,402.41,402.43,69,1,402.4297142857143,5.294936705636988e-09,7.276631573494008e-05
2022-11-25 20:27:00+00:00,402.44,402.44,402.46,398,21,402.4589976133651,5.109332529517828e-10,-2.260383270491495e-05
2022-11-25 20:28:00+00:00,402.44,402.44,402.45,398,4,402.4499004975125,4.018606419216694e-09,-2.8238361277077573e-06
2022-11-25 20:29:00+00:00,402.45,402.41,402.46,69,20,402.44876404494386,4.456430729305497e-10,2.3777656299017735e-05
2022-11-25 20:30:00+00:00,402.45,402.45,402.46,100,20,402.4583333333333,2.454226406773786e-08,-2.5090893589041485e-05
2022-11-25 20:31:00+00:00,402.36,402.36,402.45,150,3,402.44823529411764,4.747397280276485e-10,-2.0991668826519927e-05
2022-11-25 20:32:00+00:00,402.36,402.36,402.44,375,1,402.4397872340425,1.6364990708616601e-13,4.045366572835718e-07
2022-11-25 20:33:00+00:00,402.36,402.37,402.44,1400,1,402.4399500356888,7.451164593948329e-13,-8.63201285561388e-07
2022-11-25 20:34:00+00:00,402.36,402.38,402.44,150,1,402.4396026490066,3.0460527392506497e-09,-6.091579841294159e-05
2022-11-25 20:35:00+00:00,402.36,402.38,402.42,150,21,402.41508771929824,7.819568049441332e-10,-3.7822065061421384e-05
2022-11-25 20:36:00+00:00,402.36,402.38,402.4,150,1,402.39986754966884,1.6057585801372972e-08,9.96012760201559e-05
2022-11-25 20:37:00+00:00,402.42,402.42,402.44,377,1,402.4399470899471,1.7229813320645507e-09,4.602798112385287e-05
2022-11-25 20:38:00+00:00,402.42,402.42,402.47,327,98,402.4584705882353,1.0548925003569063e-08,5.4382144298870116e-05
2022-11-25 20:39:00+00:00,402.48,402.48,402.49,4,108,402.48035714285714,4.897051488250655e-09,-7.01944311017888e-05
2022-11-25 20:40:00+00:00,402.48,402.45,402.49,6,108,402.4521052631579,1.131251499642203e-08,5.618486691583158e-05
2022-11-25 20:41:00+00:00,402.48,402.46,402.49,104,108,402.4747169811321,4.722563586700487e-09,-5.6181710353930825e-05
2022-11-25 20:42:00+00:00,402.48,402.45,402.49,6,108,402.4521052631579,6.095856966668083e-13,-7.80759692009525e-07
2022-11-25 20:43:00+00:00,402.48,402.45,402.49,6,128,402.45179104477614,1.165196427828236e-10,-1.07944264684523e-05
2022-11-25 20:44:00+00:00,402.4,402.39,402.45,90,4,402.4474468085106,1.3204566284207966e-08,-0.0001129260699030965
2022-11-25 20:45:00+00:00,402.39,402.39,402.45,1,4,402.402,7.596508531261391e-10,-2.7561764332606487e-05
2022-11-25 20:46:00+00:00,402.39,402.39,402.4,1,10,402.390909090909,3.864046808585772e-10,2.0152826059716133e-05
2022-11-25 20:47:00+00:00,402.39,402.38,402.4,155,8,402.39901840490796,1.9785899496966403e-12,-1.406623599153889e-06
2022-11-25 20:48:00+00:00,402.39,402.38,402.4,155,13,402.3984523809524,0.0,0.0
2022-11-25 20:49:00+00:00,402.39,402.38,402.4,155,13,402.3984523809524,5.303744422677999e-16,-2.3029859796963592e-08
2022-11-25 20:50:00+00:00,402.38,402.38,402.4,154,13,402.39844311377243,4.073592588301619e-09,6.382470202281887e-05
2022-11-25 20:51:00+00:00,402.47,402.38,402.48,154,195,402.42412607449864,1.3692773715205497e-08,3.0278018447571498e-05
2022-11-25 20:52:00+00:00,402.47,402.39,402.48,159,150,402.43631067961167,1.4092868364519006e-08,-5.5146695175922744e-05
2022-11-25 20:53:00+00:00,402.47,402.41,402.48,4,64,402.4141176470589,1.45903745081555e-08,-1.0851402045153336e-05
2022-11-25 20:54:00+00:00,402.35,402.34,402.41,1400,5,402.4097508896797,0.0,0.0
2022-11-25 20:55:00+00:00,402.38,402.34,402.41,1400,5,402.4097508896797,4.20038422757117e-11,-6.481037129635325e-06
2022-11-25 20:56:00+00:00,402.38,402.35,402.41,100,5,402.40714285714284,8.840111152217993e-11,1.32926374127873e-05
2022-11-25 20:57:00+00:00,402.41,402.34,402.42,1400,145,402.41249190938515,2.6908402578802115e-08,-8.19403914116279e-05
2022-11-25 20:58:00+00:00,402.42,402.35,402.42,105,144,402.37951807228916,1.3175219847775945e-08,3.745740269645026e-05
2022-11-25 20:59:00+00:00,402.42,402.37,402.43,100,144,402.3945901639344,3.512126056333882e-09,7.574427909351478e-05
2022-11-25 21:00:00+00:00,402.36,402.36,402.45,1305,500,402.42506925207755,8.258458928408301e-09,6.550118609660593e-05
2022-11-25 21:01:00+00:00,402.4,402.4,402.46,6,1,402.45142857142855,1.814426855936026e-09,-4.25960896789368e-05
2022-11-25 21:02:00+00:00,402.4,402.4,402.44,6,1,402.4342857142857,7.591998796685455e-09,-8.713207673805012e-05
2022-11-25 21:03:00+00:00,402.4,402.37,402.4,150,4,402.3992207792208,5.570341040498133e-09,7.463471739410643e-05
2022-11-25 21:04:00+00:00,402.4,402.4,402.43,196,5,402.4292537313433,6.28028860622441e-13,7.924827194472073e-07
2022-11-25 21:05:00+00:00,402.4,402.4,402.43,346,5,402.42957264957266,1.0605829073234532e-08,-2.435512116238936e-05
2022-11-25 21:06:00+00:00,402.45,402.4,402.42,346,4,402.41977142857144,2.1748397394222494e-11,-4.663517706005038e-06
2022-11-25 21:07:00+00:00,402.45,402.41,402.42,15,4,402.41789473684213,1.0827709535367074e-08,0.00010414344211495674
2022-11-25 21:08:00+00:00,402.45,402.45,402.46,50,1,402.45980392156866,6.774665698073266e-08,-7.884240599209669e-05
2022-11-25 21:09:00+00:00,402.47,402.4,402.48,346,640,402.4280730223124,4.84988440776951e-09,-7.675886895475159e-05
2022-11-25 21:10:00+00:00,402.4,402.36,402.4,1320,100,402.39718309859154,0.0,0.0
2022-11-25 21:11:00+00:00,402.4,402.36,402.4,1320,100,402.39718309859154,0.0,0.0
2022-11-25 21:12:00+00:00,402.4,402.36,402.4,1320,100,402.39718309859154,5.4615546420217295e-09,-7.390233177662076e-05
2022-11-25 21:13:00+00:00,402.4,402.36,402.37,1320,453,402.3674450084602,5.6748181756352354e-08,-0.00020098004511892587
2022-11-25 21:14:00+00:00,402.28,402.28,402.3,49,100,402.28657718120803,6.304052074865674e-10,2.5107871424845385e-05
2022-11-25 21:15:00+00:00,402.3,402.28,402.3,502,100,402.2966777408638,5.2586626683837865e-09,-5.3701286720886365e-05
2022-11-25 21:16:00+00:00,402.28,402.27,402.28,103,100,402.2750738916256,2.186946751081441e-08,-2.5042296377342232e-05
2022-11-25 21:17:00+00:00,402.22,402.25,402.28,100,100,402.265,1.0912691424628296e-08,-9.129339597291342e-05
2022-11-25 21:18:00+00:00,402.26,402.22,402.28,16,100,402.2282758620689,1.0764629437641004e-10,9.268035146003939e-07
2022-11-25 21:19:00+00:00,402.24,402.22,402.24,16,21,402.2286486486487,3.56734824537029e-13,5.972728225334123e-07
2022-11-25 21:20:00+00:00,402.24,402.22,402.24,16,20,402.22888888888895,1.557300354653635e-11,3.946264505394481e-06
2022-11-25 21:21:00+00:00,402.24,402.23,402.24,1,20,402.2304761904762,3.5038981347403515e-15,5.919373391449767e-08
2022-11-25 21:22:00+00:00,402.24,402.23,402.24,1,19,402.2305,9.364967603912736e-09,0.00010322756875913441
2022-11-25 21:23:00+00:00,402.25,402.25,402.28,276,100,402.27202127659575,0.0,0.0
2022-11-25 21:24:00+00:00,402.28,402.25,402.28,276,100,402.27202127659575,0.0,0.0
2022-11-25 21:25:00+00:00,402.28,402.25,402.28,276,100,402.27202127659575,0.0,0.0
2022-11-25 21:26:00+00:00,402.28,402.25,402.28,276,100,402.27202127659575,1.0965980770025366e-10,0.0
2022-11-25 21:27:00+00:00,402.27,402.25,402.28,276,100,402.27202127659575,1.3759897197892343e-10,-1.1425420243127427e-05
2022-11-25 21:28:00+00:00,402.27,402.25,402.27,291,43,402.2674251497006,1.7458262382872961e-10,-1.848360827505502e-06
2022-11-25 21:29:00+00:00,402.28,402.25,402.28,248,198,402.2666816143498,0.0,0.0
2022-11-25 21:30:00+00:00,402.28,402.25,402.28,248,198,402.2666816143498,1.712655266760611e-10,1.752268705268456e-05
2022-11-25 21:31:00+00:00,402.28,402.26,402.28,219,100,402.2737304075235,0.0,0.0
2022-11-25 21:32:00+00:00,402.28,402.27,402.28,2,100,402.27019607843135,3.6509498307355003e-08,-0.0002712795526107481
2022-11-25 21:33:00+00:00,402.2,402.16,402.2,13,100,402.1646017699115,7.289877194271615e-10,2.6999772581026704e-05
2022-11-25 21:34:00+00:00,402.2,402.16,402.2,63,100,402.1754601226994,2.499297696008697e-10,1.5809167264624335e-05
2022-11-25 21:35:00+00:00,402.2,402.18,402.2,10,100,402.1818181818182,0.0,0.0
2022-11-25 21:36:00+00:00,402.2,402.18,402.2,10,100,402.1818181818182,0.0,0.0
2022-11-25 21:37:00+00:00,402.2,402.18,402.2,10,100,402.1818181818182,2.7968166566161686e-09,-3.404724231470535e-05
2022-11-25 21:38:00+00:00,402.18,402.16,402.19,13,35,402.168125,2.10181788151998e-10,-1.9572880605500664e-05
2022-11-25 21:39:00+00:00,402.18,402.16,402.17,13,500,402.16025341130603,2.9608996191760394e-10,-1.7207264800589428e-05
2022-11-25 21:40:00+00:00,402.17,402.15,402.17,100,500,402.1533333333333,5.006327225972711e-09,0.000107276003195933
2022-11-25 21:41:00+00:00,402.2,402.17,402.2,751,100,402.1964747356052,8.807106943613687e-11,-6.034653981523697e-06
2022-11-25 21:42:00+00:00,402.2,402.17,402.2,404,100,402.1940476190476,4.977408682206187e-10,-2.231010686259971e-05
2022-11-25 21:43:00+00:00,402.2,402.17,402.2,404,400,402.1850746268657,1.245581548189671e-11,-3.7297194654950516e-07
2022-11-25 21:44:00+00:00,402.17,402.17,402.2,396,400,402.18492462311553,9.104082030672675e-10,-9.876656035467946e-06
2022-11-25 21:45:00+00:00,402.17,402.18,402.2,5,100,402.18095238095236,5.0977665751342326e-11,-2.0387107256825132e-06
2022-11-25 21:46:00+00:00,402.17,402.17,402.2,51,100,402.1801324503311,2.8864897813799852e-08,0.00016989672690725932
2022-11-25 21:47:00+00:00,402.17,402.17,402.25,51,1,402.2484615384615,7.569251614184065e-08,-0.0001577670134991216
2022-11-25 21:48:00+00:00,402.17,402.17,402.2,101,101,402.185,1.4575415731974092e-09,-8.208059229297682e-06
2022-11-25 21:49:00+00:00,402.2,402.17,402.2,101,158,402.18169884169885,2.8651381014052076e-10,2.2783799693115725e-05
2022-11-25 21:50:00+00:00,402.2,402.19,402.2,15,159,402.1908620689655,1.2868585063196091e-10,-7.807390817626825e-06
2022-11-25 21:51:00+00:00,402.2,402.18,402.2,100,159,402.187722007722,7.473531541821692e-12,-2.733776059193893e-06
2022-11-25 21:52:00+00:00,402.2,402.18,402.2,100,202,402.18662251655627,2.319708593948626e-08,0.00015733313715671216
2022-11-25 21:53:00+00:00,402.2,402.2,402.25,498,1,402.24989979959923,1.1531957721423145e-12,-2.4088779526643123e-08
2022-11-25 21:54:00+00:00,402.2,402.24,402.25,90,1,402.2498901098901,1.7345902012481131e-09,4.1568690587912016e-05
2022-11-25 21:55:00+00:00,402.25,402.25,402.28,299,241,402.26661111111105,1.3197526797849695e-10,2.7155553825597423e-06
2022-11-25 21:56:00+00:00,402.28,402.28,402.29,859,100,402.2889572471325,1.2007291002354011e-07,-0.00018819181285401054
2022-11-25 21:57:00+00:00,402.2,402.18,402.2,150,100,402.192,2.467611591807405e-07,-0.00021200149710209892
2022-11-25 21:58:00+00:00,402.2,402.07,402.11,225,20,402.1067346938775,6.4918291791484655e-09,7.576128053798925e-06
2022-11-25 21:59:00+00:00,402.1,402.1,402.11,849,19,402.1097811059908,5.4556254711486795e-08,-0.00015074643288326417
